{
    "name": "root",
    "metadata": {
        "timer_format_version": "0.1.0",
        "start_time_seconds": "1617059943",
        "python_version": "3.7.7 (default, May  6 2020, 11:45:54) [MSC v.1916 64 bit (AMD64)]",
        "command_line_arguments": "C:\\Users\\Bryan\\anaconda3\\envs\\ml-agent-4.0\\Scripts\\mlagents-learn ./trainer_config.yaml --run-id 3242021_01 --resume",
        "mlagents_version": "0.18.0",
        "mlagents_envs_version": "0.18.0",
        "communication_protocol_version": "1.0.0",
        "tensorflow_version": "2.2.0",
        "end_time_seconds": "1617059988"
    },
    "total": 44.7632256,
    "count": 1,
    "self": 0.0036883000000003108,
    "children": {
        "run_training.setup": {
            "total": 0.006207700000000038,
            "count": 1,
            "self": 0.006207700000000038
        },
        "TrainerController.start_learning": {
            "total": 44.7533296,
            "count": 1,
            "self": 1.2075555999999992,
            "children": {
                "TrainerController._reset_env": {
                    "total": 5.0046156,
                    "count": 1,
                    "self": 5.0046156
                },
                "TrainerController.advance": {
                    "total": 38.20189380000001,
                    "count": 3,
                    "self": 4.3200000000354066e-05,
                    "children": {
                        "env_step": {
                            "total": 38.20185060000001,
                            "count": 3,
                            "self": 38.16388090000002,
                            "children": {
                                "SubprocessEnvManager._take_step": {
                                    "total": 0.03794729999999813,
                                    "count": 3,
                                    "self": 7.659999999809486e-05,
                                    "children": {
                                        "NNPolicy.evaluate": {
                                            "total": 0.037870700000000035,
                                            "count": 1,
                                            "self": 0.037870700000000035
                                        }
                                    }
                                },
                                "workers": {
                                    "total": 2.2399999991762343e-05,
                                    "count": 2,
                                    "self": 0.0,
                                    "children": {
                                        "worker_root": {
                                            "total": 36.856316400000004,
                                            "count": 2,
                                            "is_parallel": true,
                                            "self": 1.0914483000000104,
                                            "children": {
                                                "steps_from_proto": {
                                                    "total": 0.0012711999999996948,
                                                    "count": 1,
                                                    "is_parallel": true,
                                                    "self": 0.00012230000000101882,
                                                    "children": {
                                                        "_process_vector_observation": {
                                                            "total": 0.001148899999998676,
                                                            "count": 4,
                                                            "is_parallel": true,
                                                            "self": 0.001148899999998676
                                                        }
                                                    }
                                                },
                                                "UnityEnvironment.step": {
                                                    "total": 35.763596899999996,
                                                    "count": 2,
                                                    "is_parallel": true,
                                                    "self": 0.0001493999999908624,
                                                    "children": {
                                                        "UnityEnvironment._generate_step_input": {
                                                            "total": 0.00032370000000003785,
                                                            "count": 2,
                                                            "is_parallel": true,
                                                            "self": 0.00032370000000003785
                                                        },
                                                        "communicator.exchange": {
                                                            "total": 35.7631238,
                                                            "count": 2,
                                                            "is_parallel": true,
                                                            "self": 35.7631238
                                                        }
                                                    }
                                                }
                                            }
                                        }
                                    }
                                }
                            }
                        }
                    }
                },
                "trainer_threads": {
                    "total": 0.00011769999999700076,
                    "count": 1,
                    "self": 0.00011769999999700076,
                    "children": {
                        "thread_root": {
                            "total": 0.0,
                            "count": 0,
                            "is_parallel": true,
                            "self": 0.0,
                            "children": {
                                "trainer_advance": {
                                    "total": 38.172548500000204,
                                    "count": 2480,
                                    "is_parallel": true,
                                    "self": 0.08618630000025007,
                                    "children": {
                                        "process_trajectory": {
                                            "total": 38.086362199999954,
                                            "count": 2480,
                                            "is_parallel": true,
                                            "self": 38.086362199999954
                                        }
                                    }
                                }
                            }
                        }
                    }
                },
                "TrainerController._save_model": {
                    "total": 0.3391468999999958,
                    "count": 1,
                    "self": 0.00024749999999329475,
                    "children": {
                        "Trainer.save_model": {
                            "total": 0.3388994000000025,
                            "count": 1,
                            "self": 0.3388994000000025
                        }
                    }
                }
            }
        }
    }
}