{
    "name": "root",
    "gauges": {
        "Goober.Policy.Entropy.mean": {
            "value": 1.3919011354446411,
            "min": 1.3914262056350708,
            "max": 1.421976089477539,
            "count": 39
        },
        "Goober.Environment.EpisodeLength.mean": {
            "value": 99.0,
            "min": 99.0,
            "max": 99.0,
            "count": 70
        },
        "Goober.Policy.ExtrinsicValueEstimate.mean": {
            "value": 0.13065512478351593,
            "min": 0.13065512478351593,
            "max": 2.035468816757202,
            "count": 70
        },
        "Goober.Environment.CumulativeReward.mean": {
            "value": 0.0,
            "min": 0.0,
            "max": 0.03787878787878788,
            "count": 70
        },
        "Goober.Policy.ExtrinsicReward.mean": {
            "value": 0.0,
            "min": 0.0,
            "max": 0.03787878787878788,
            "count": 70
        },
        "Goober.IsTraining.mean": {
            "value": 1.0,
            "min": 1.0,
            "max": 1.0,
            "count": 70
        },
        "Goober.Losses.ValueLoss.mean": {
            "value": 0.0002749512204900384,
            "min": 0.0002749512204900384,
            "max": 0.17807510495185852,
            "count": 32
        },
        "Goober.Losses.PolicyLoss.mean": {
            "value": 0.0156699251383543,
            "min": 0.013828054070472717,
            "max": 0.03161439299583435,
            "count": 32
        },
        "Goober.Policy.LearningRate.mean": {
            "value": 0.00029318005545064807,
            "min": 0.00029318005545064807,
            "max": 0.00029978802194818854,
            "count": 32
        },
        "Goober.Policy.Epsilon.mean": {
            "value": 0.19772668182849884,
            "min": 0.19772668182849884,
            "max": 0.19992929697036743,
            "count": 32
        },
        "Goober.Policy.Beta.mean": {
            "value": 0.004886561539024115,
            "min": 0.004886561539024115,
            "max": 0.004996473900973797,
            "count": 32
        }
    },
    "metadata": {
        "timer_format_version": "0.1.0",
        "start_time_seconds": "1614692709",
        "python_version": "3.7.7 (default, May  6 2020, 11:45:54) [MSC v.1916 64 bit (AMD64)]",
        "command_line_arguments": "C:\\Users\\Bryan\\anaconda3\\envs\\ml-agent-4.0\\Scripts\\mlagents-learn ./trainer_config.yaml --run-id adversary_05",
        "mlagents_version": "0.18.0",
        "mlagents_envs_version": "0.18.0",
        "communication_protocol_version": "1.0.0",
        "tensorflow_version": "2.2.0",
        "end_time_seconds": "1614693062"
    },
    "total": 352.372631,
    "count": 1,
    "self": 0.008361900000011246,
    "children": {
        "run_training.setup": {
            "total": 0.016076200000000096,
            "count": 1,
            "self": 0.016076200000000096
        },
        "TrainerController.start_learning": {
            "total": 352.3481929,
            "count": 1,
            "self": 2.8922216000000276,
            "children": {
                "TrainerController._reset_env": {
                    "total": 5.9197182999999995,
                    "count": 1,
                    "self": 5.9197182999999995
                },
                "TrainerController.advance": {
                    "total": 343.1992267,
                    "count": 3701,
                    "self": 0.0516979999985665,
                    "children": {
                        "env_step": {
                            "total": 343.14752870000143,
                            "count": 3701,
                            "self": 339.19284520000036,
                            "children": {
                                "SubprocessEnvManager._take_step": {
                                    "total": 3.909592199999672,
                                    "count": 3701,
                                    "self": 0.44017930000044103,
                                    "children": {
                                        "NNPolicy.evaluate": {
                                            "total": 3.469412899999231,
                                            "count": 3701,
                                            "self": 3.469412899999231
                                        }
                                    }
                                },
                                "workers": {
                                    "total": 0.045091300001375956,
                                    "count": 3700,
                                    "self": 0.0,
                                    "children": {
                                        "worker_root": {
                                            "total": 342.866265400001,
                                            "count": 3700,
                                            "is_parallel": true,
                                            "self": 128.36549279999988,
                                            "children": {
                                                "steps_from_proto": {
                                                    "total": 0.004763800000000096,
                                                    "count": 1,
                                                    "is_parallel": true,
                                                    "self": 0.00028730000000010136,
                                                    "children": {
                                                        "_process_vector_observation": {
                                                            "total": 0.004476499999999994,
                                                            "count": 2,
                                                            "is_parallel": true,
                                                            "self": 0.004476499999999994
                                                        }
                                                    }
                                                },
                                                "UnityEnvironment.step": {
                                                    "total": 214.4960088000011,
                                                    "count": 3700,
                                                    "is_parallel": true,
                                                    "self": 2.365956300001244,
                                                    "children": {
                                                        "UnityEnvironment._generate_step_input": {
                                                            "total": 4.117691900000194,
                                                            "count": 3700,
                                                            "is_parallel": true,
                                                            "self": 4.117691900000194
                                                        },
                                                        "communicator.exchange": {
                                                            "total": 198.99562740000033,
                                                            "count": 3700,
                                                            "is_parallel": true,
                                                            "self": 198.99562740000033
                                                        },
                                                        "steps_from_proto": {
                                                            "total": 9.016733199999337,
                                                            "count": 3700,
                                                            "is_parallel": true,
                                                            "self": 0.9003628999991271,