{
    "name": "root",
    "gauges": {
        "Goober.Policy.Entropy.mean": {
            "value": 1.3268216848373413,
            "min": 1.3267987966537476,
            "max": 1.4214684963226318,
            "count": 411
        },
        "Goober.Environment.EpisodeLength.mean": {
            "value": 99.0,
            "min": 99.0,
            "max": 99.0,
            "count": 411
        },
        "Goober.Policy.ExtrinsicValueEstimate.mean": {
            "value": 0.059088725596666336,
            "min": -0.1519230157136917,
            "max": 0.2123173177242279,
            "count": 411
        },
        "Goober.Environment.CumulativeReward.mean": {
            "value": -0.02300001084804535,
            "min": -0.5479999911785126,
            "max": 0.28600000113248825,
            "count": 411
        },
        "Goober.Policy.ExtrinsicReward.mean": {
            "value": -0.02300001084804535,
            "min": -0.5479999911785126,
            "max": 0.28600000113248825,
            "count": 411
        },
        "Goober.IsTraining.mean": {
            "value": 1.0,
            "min": 1.0,
            "max": 1.0,
            "count": 411
        },
        "Goober.Losses.ValueLoss.mean": {
            "value": 0.11967454105615616,
            "min": 0.04132206737995148,
            "max": 0.22202883660793304,
            "count": 193
        },
        "Goober.Losses.PolicyLoss.mean": {
            "value": 0.015039919875562191,
            "min": 0.010346958413720131,
            "max": 0.022864732891321182,
            "count": 193
        },
        "Goober.Policy.LearningRate.mean": {
            "value": 0.00025897505111061037,
            "min": 0.00025897505111061037,
            "max": 0.0002997799892909825,
            "count": 193
        },
        "Goober.Policy.Epsilon.mean": {
            "value": 0.18632502853870392,
            "min": 0.18632502853870392,
            "max": 0.1999267041683197,
            "count": 193
        },
        "Goober.Policy.Beta.mean": {
            "value": 0.004317617509514093,
            "min": 0.004317617509514093,
            "max": 0.0049963416531682014,
            "count": 193
        }
    },
    "metadata": {
        "timer_format_version": "0.1.0",
        "start_time_seconds": "1615415236",
        "python_version": "3.7.7 (default, May  6 2020, 11:45:54) [MSC v.1916 64 bit (AMD64)]",
        "command_line_arguments": "C:\\Users\\Bryan\\anaconda3\\envs\\ml-agent-4.0\\Scripts\\mlagents-learn ./trainer_config.yaml --run-id Goober_00",
        "mlagents_version": "0.18.0",
        "mlagents_envs_version": "0.18.0",
        "communication_protocol_version": "1.0.0",
        "tensorflow_version": "2.2.0",
        "end_time_seconds": "1615418974"
    },
    "total": 3737.7479056,
    "count": 1,
    "self": 0.004073300000072777,
    "children": {
        "run_training.setup": {
            "total": 0.016380500000000353,
            "count": 1,
            "self": 0.016380500000000353
        },
        "TrainerController.start_learning": {
            "total": 3737.7274518,
            "count": 1,
            "self": 84.36661990002494,
            "children": {
                "TrainerController._reset_env": {
                    "total": 4.7754416,
                    "count": 1,
                    "self": 4.7754416
                },
                "TrainerController.advance": {
                    "total": 3647.9329576999753,
                    "count": 164684,
                    "self": 2.2640008999314887,
                    "children": {
                        "env_step": {
                            "total": 3645.668956800044,
                            "count": 164684,
                            "self": 3525.647935800107,
                            "children": {
                                "SubprocessEnvManager._take_step": {
                                    "total": 118.02268529999427,
                                    "count": 164684,
                                    "self": 5.9923333999715,
                                    "children": {
                                        "NNPolicy.evaluate": {
                                            "total": 112.03035190002277,
                                            "count": 164684,
                                            "self": 112.03035190002277
                                        }
                                    }
                                },
                                "workers": {
                                    "total": 1.9983356999427002,
                                    "count": 164683,
                                    "self": 0.0,
                                    "children": {
                                        "worker_root": {
                                            "total": 3727.915450900051,
                                            "count": 164683,
                                            "is_parallel": true,
                                            "self": 795.3461852001496,
                                            "children": {
                                                "steps_from_proto": {
                                                    "total": 0.0022596999999997536,
                                                    "count": 1,
                                                    "is_parallel": true,
                                                    "self": 0.0001632999999987561,
                                                    "children": {
                                                        "_process_vector_observation": {
                                                            "total": 0.0020964000000009975,
                                                            "count": 2,
                                                            "is_parallel": true,
                                                            "self": 0.0020964000000009975
                                                        }
                                                    }
                                                },
                                                "UnityEnvironment.step": {
                                                    "total": 2932.567005999901,
                                                    "count": 164683,
                                                    "is_parallel": true,
                                                    "self": 19.827916399970036,
                                                    "children": {
                                                        "UnityEnvironment._generate_step_input": {
                                                            "total": 29.505729399986556,
                                                            "count": 164683,
                                                            "is_parallel": true,
                                                            "self": 29.505729399986556
                                                        },
                                                        "communicator.exchange": {
                                                            "total": 2826.1190802000033,
                                                            "count": 164683,
                                                            "is_parallel": true,
                                                            "self": 2826.1190802000033
                                                        },
                                                        "steps_from_proto": {
                                                            "total": 57.11427999994124,
                                                            "count": 164683,
                                                            "is_parallel": true,
                                                            "self": 13.992888699809981,