{
    "name": "root",
    "gauges": {
        "Goober.Policy.Entropy.mean": {
            "value": 1.3996827602386475,
            "min": 1.3960169553756714,
            "max": 1.4189382791519165,
            "count": 123
        },
        "Goober.Environment.EpisodeLength.mean": {
            "value": 99.0,
            "min": 99.0,
            "max": 99.0,
            "count": 123
        },
        "Goober.Policy.ExtrinsicValueEstimate.mean": {
            "value": -1.4896538257598877,
            "min": -1.6035792827606201,
            "max": -0.63092440366745,
            "count": 123
        },
        "Goober.Environment.CumulativeReward.mean": {
            "value": -1.155,
            "min": -5.895,
            "max": 0.02,
            "count": 123
        },
        "Goober.Policy.ExtrinsicReward.mean": {
            "value": -1.155,
            "min": -5.895,
            "max": 0.02,
            "count": 123
        },
        "Goober.IsTraining.mean": {
            "value": 1.0,
            "min": 1.0,
            "max": 1.0,
            "count": 123
        },
        "Goober.Losses.ValueLoss.mean": {
            "value": 9.12548828125,
            "min": 1.0276100635528564,
            "max": 16.462812423706055,
            "count": 57
        },
        "Goober.Losses.PolicyLoss.mean": {
            "value": 0.011747556738555431,
            "min": 0.011440666392445564,
            "max": 0.021456044167280197,
            "count": 57
        },
        "Goober.Policy.LearningRate.mean": {
            "value": 0.00028778999694623053,
            "min": 0.00028778999694623053,
            "max": 0.0002997900010086596,
            "count": 57
        },
        "Goober.Policy.Epsilon.mean": {
            "value": 0.19593000411987305,
            "min": 0.19593000411987305,
            "max": 0.19993004202842712,
            "count": 57
        },
        "Goober.Policy.Beta.mean": {
            "value": 0.004796906840056181,
            "min": 0.004796906840056181,
            "max": 0.004996507428586483,
            "count": 57
        }
    },
    "metadata": {
        "timer_format_version": "0.1.0",
        "start_time_seconds": "1615403815",
        "python_version": "3.7.7 (default, May  6 2020, 11:45:54) [MSC v.1916 64 bit (AMD64)]",
        "command_line_arguments": "C:\\Users\\Bryan\\anaconda3\\envs\\ml-agent-4.0\\Scripts\\mlagents-learn ./trainer_config.yaml --run-id ADiscreteTest_00",
        "mlagents_version": "0.18.0",
        "mlagents_envs_version": "0.18.0",
        "communication_protocol_version": "1.0.0",
        "tensorflow_version": "2.2.0",
        "end_time_seconds": "1615404327"
    },
    "total": 511.72145109999997,
    "count": 1,
    "self": 0.006768599999986691,
    "children": {
        "run_training.setup": {
            "total": 0.005995299999999926,
            "count": 1,
            "self": 0.005995299999999926
        },
        "TrainerController.start_learning": {
            "total": 511.7086872,
            "count": 1,
            "self": 5.167423299996926,
            "children": {
                "TrainerController._reset_env": {
                    "total": 5.4413105,
                    "count": 1,
                    "self": 5.4413105
                },
                "TrainerController.advance": {
                    "total": 500.77093410000305,
                    "count": 8257,
                    "self": 0.12021280000186607,
                    "children": {
                        "env_step": {
                            "total": 500.6507213000012,
                            "count": 8257,
                            "self": 492.0785021999989,
                            "children": {
                                "SubprocessEnvManager._take_step": {
                                    "total": 8.466686100002656,
                                    "count": 8257,
                                    "self": 0.8363314000027344,
                                    "children": {
                                        "NNPolicy.evaluate": {
                                            "total": 7.630354699999922,
                                            "count": 8257,
                                            "self": 7.630354699999922
                                        }
                                    }
                                },
                                "workers": {
                                    "total": 0.10553299999958554,
                                    "count": 8256,
                                    "self": 0.0,
                                    "children": {
                                        "worker_root": {
                                            "total": 505.48088630000075,
                                            "count": 8256,
                                            "is_parallel": true,
                                            "self": 240.83307110000152,
                                            "children": {
                                                "steps_from_proto": {
                                                    "total": 0.001854699999999987,
                                                    "count": 1,
                                                    "is_parallel": true,
                                                    "self": 0.0002940999999987426,
                                                    "children": {
                                                        "_process_vector_observation": {
                                                            "total": 0.0015606000000012443,
                                                            "count": 2,
                                                            "is_parallel": true,
                                                            "self": 0.0015606000000012443
                                                        }
                                                    }
                                                },
                                                "UnityEnvironment.step": {
                                                    "total": 264.6459604999992,
                                                    "count": 8256,
                                                    "is_parallel": true,
                                                    "self": 3.7167876999974396,
                                                    "children": {
                                                        "UnityEnvironment._generate_step_input": {
                                                            "total": 6.962744100001683,
                                                            "count": 8256,
                                                            "is_parallel": true,
                                                            "self": 6.962744100001683
                                                        },
                                                        "communicator.exchange": {
                                                            "total": 240.5424077999993,
                                                            "count": 8256,
                                                            "is_parallel": true,
                                                            "self": 240.5424077999993
                                                        },
                                                        "steps_from_proto": {
                                                            "total": 13.424020900000803,
                                                            "count": 8256,
                                                            "is_parallel": true,
                                                            "self": 1.7006923000001724,