Steps,Policy/Entropy,Environment/Episode Length,Policy/Extrinsic Value Estimate,Environment/Cumulative Reward,Policy/Extrinsic Reward,Is Training
10000,1.4189383,99.0,0.058093313,-0.38484848027277474,-0.38484848027277474,1.0
20000,None,99.0,0.07225431,-0.45300000727176665,-0.45300000727176665,1.0
