{
    "name": "root",
    "gauges": {
        "Goober.Policy.Entropy.mean": {
            "value": 1.380642056465149,
            "min": 1.380642056465149,
            "max": 1.4286099672317505,
            "count": 234
        },
        "Goober.Environment.EpisodeLength.mean": {
            "value": 99.0,
            "min": 99.0,
            "max": 99.0,
            "count": 236
        },
        "Goober.Policy.ExtrinsicValueEstimate.mean": {
            "value": 0.17627757787704468,
            "min": -1.096917748451233,
            "max": 0.7054189443588257,
            "count": 236
        },
        "Goober.Environment.CumulativeReward.mean": {
            "value": 0.4849999952316284,
            "min": -19.3175,
            "max": 0.5724999952316284,
            "count": 236
        },
        "Goober.Policy.ExtrinsicReward.mean": {
            "value": 0.4849999952316284,
            "min": -19.3175,
            "max": 0.5724999952316284,
            "count": 236
        },
        "Goober.IsTraining.mean": {
            "value": 1.0,
            "min": 1.0,
            "max": 1.0,
            "count": 236
        },
        "Goober.Losses.ValueLoss.mean": {
            "value": 0.009056719951331615,
            "min": 0.008119789883494377,
            "max": 99.03275299072266,
            "count": 107
        },
        "Goober.Losses.PolicyLoss.mean": {
            "value": 0.016970116645097733,
            "min": 0.009882628917694092,
            "max": 0.023012250661849976,
            "count": 107
        },
        "Goober.Policy.LearningRate.mean": {
            "value": 0.0002764799864962697,
            "min": 0.0002764799864962697,
            "max": 0.0002997799892909825,
            "count": 107
        },
        "Goober.Policy.Epsilon.mean": {
            "value": 0.19216004014015198,
            "min": 0.19216004014015198,
            "max": 0.1999267041683197,
            "count": 107
        },
        "Goober.Policy.Beta.mean": {
            "value": 0.0046087829396128654,
            "min": 0.0046087829396128654,
            "max": 0.0049963416531682014,
            "count": 107
        }
    },
    "metadata": {
        "timer_format_version": "0.1.0",
        "start_time_seconds": "1614698940",
        "python_version": "3.7.7 (default, May  6 2020, 11:45:54) [MSC v.1916 64 bit (AMD64)]",
        "command_line_arguments": "C:\\Users\\Bryan\\anaconda3\\envs\\ml-agent-4.0\\Scripts\\mlagents-learn ./trainer_config.yaml --run-id adversary_09",
        "mlagents_version": "0.18.0",
        "mlagents_envs_version": "0.18.0",
        "communication_protocol_version": "1.0.0",
        "tensorflow_version": "2.2.0",
        "end_time_seconds": "1614700119"
    },
    "total": 1178.3178175,
    "count": 1,
    "self": 0.003981699999940247,
    "children": {
        "run_training.setup": {
            "total": 0.006617100000000153,
            "count": 1,
            "self": 0.006617100000000153
        },
        "TrainerController.start_learning": {
            "total": 1178.3072187,
            "count": 1,
            "self": 10.22410840000066,
            "children": {
                "TrainerController._reset_env": {
                    "total": 7.134546199999999,
                    "count": 1,
                    "self": 7.134546199999999
                },
                "TrainerController.advance": {
                    "total": 1160.5964244999993,
                    "count": 11801,
                    "self": 0.1774069999994481,
                    "children": {
                        "env_step": {
                            "total": 1160.4190174999999,
                            "count": 11801,
                            "self": 1145.1702402999965,
                            "children": {
                                "SubprocessEnvManager._take_step": {
                                    "total": 15.093715700001543,
                                    "count": 11801,
                                    "self": 1.5450861999969376,
                                    "children": {
                                        "NNPolicy.evaluate": {
                                            "total": 13.548629500004605,
                                            "count": 11801,
                                            "self": 13.548629500004605
                                        }
                                    }
                                },
                                "workers": {
                                    "total": 0.1550615000017288,
                                    "count": 11800,
                                    "self": 0.0,
                                    "children": {
                                        "worker_root": {
                                            "total": 1166.7502699000063,
                                            "count": 11800,
                                            "is_parallel": true,
                                            "self": 471.36931770000785,
                                            "children": {
                                                "steps_from_proto": {
                                                    "total": 0.004621300000000161,
                                                    "count": 1,
                                                    "is_parallel": true,
                                                    "self": 0.000496800000000519,
                                                    "children": {
                                                        "_process_vector_observation": {
                                                            "total": 0.004124499999999642,
                                                            "count": 2,
                                                            "is_parallel": true,
                                                            "self": 0.004124499999999642
                                                        }
                                                    }
                                                },
                                                "UnityEnvironment.step": {
                                                    "total": 695.3763308999984,
                                                    "count": 11800,
                                                    "is_parallel": true,
                                                    "self": 8.455858800000556,
                                                    "children": {
                                                        "UnityEnvironment._generate_step_input": {
                                                            "total": 14.688834999999703,
                                                            "count": 11800,
                                                            "is_parallel": true,
                                                            "self": 14.688834999999703
                                                        },
                                                        "communicator.exchange": {
                                                            "total": 640.1683271999998,
                                                            "count": 11800,
                                                            "is_parallel": true,
                                                            "self": 640.1683271999998
                                                        },
                                                        "steps_from_proto": {
                                                            "total": 32.0633098999983,
                                                            "count": 11800,
                                                            "is_parallel": true,
                                                            "self": 3.238587700008541,