{
    "name": "root",
    "gauges": {
        "Goober.Policy.Entropy.mean": {
            "value": 2.694481134414673,
            "min": 2.694481134414673,
            "max": 2.7724947929382324,
            "count": 12
        },
        "Goober.Environment.EpisodeLength.mean": {
            "value": 99.0,
            "min": 99.0,
            "max": 99.0,
            "count": 12
        },
        "Goober.Policy.ExtrinsicValueEstimate.mean": {
            "value": -1.4276412725448608,
            "min": -1.4276412725448608,
            "max": 0.08573151379823685,
            "count": 12
        },
        "Goober.Environment.CumulativeReward.mean": {
            "value": -12.875,
            "min": -19.242424242424242,
            "max": -12.875,
            "count": 12
        },
        "Goober.Policy.ExtrinsicReward.mean": {
            "value": -12.875,
            "min": -19.242424242424242,
            "max": -12.875,
            "count": 12
        },
        "Goober.IsTraining.mean": {
            "value": 1.0,
            "min": 1.0,
            "max": 1.0,
            "count": 12
        },
        "Goober.Losses.ValueLoss.mean": {
            "value": 24.27096176147461,
            "min": 24.054231643676758,
            "max": 33.01980209350586,
            "count": 5
        },
        "Goober.Losses.PolicyLoss.mean": {
            "value": 0.01418671291321516,
            "min": 0.01418671291321516,
            "max": 0.01904550939798355,
            "count": 5
        },
        "Goober.Policy.LearningRate.mean": {
            "value": 0.0002989649656228721,
            "min": 0.0002989649656228721,
            "max": 0.0002997900010086596,
            "count": 5
        },
        "Goober.Policy.Epsilon.mean": {
            "value": 0.19965501129627228,
            "min": 0.19965501129627228,
            "max": 0.19993004202842712,
            "count": 5
        },
        "Goober.Policy.Beta.mean": {
            "value": 0.004982784390449524,
            "min": 0.004982784390449524,
            "max": 0.004996507428586483,
            "count": 5
        }
    },
    "metadata": {
        "timer_format_version": "0.1.0",
        "start_time_seconds": "1615396043",
        "python_version": "3.7.7 (default, May  6 2020, 11:45:54) [MSC v.1916 64 bit (AMD64)]",
        "command_line_arguments": "C:\\Users\\Bryan\\anaconda3\\envs\\ml-agent-4.0\\Scripts\\mlagents-learn ./trainer_config.yaml --run-id simpleAgent_07",
        "mlagents_version": "0.18.0",
        "mlagents_envs_version": "0.18.0",
        "communication_protocol_version": "1.0.0",
        "tensorflow_version": "2.2.0",
        "end_time_seconds": "1615396150"
    },
    "total": 107.3262725,
    "count": 1,
    "self": 0.006759099999996465,
    "children": {
        "run_training.setup": {
            "total": 0.027122700000000055,
            "count": 1,
            "self": 0.027122700000000055
        },
        "TrainerController.start_learning": {
            "total": 107.2923907,
            "count": 1,
            "self": 2.7694419000000465,
            "children": {
                "TrainerController._reset_env": {
                    "total": 2.9522662000000004,
                    "count": 1,
                    "self": 2.9522662000000004
                },
                "TrainerController.advance": {
                    "total": 101.04337809999996,
                    "count": 1727,
                    "self": 0.02292920000019194,
                    "children": {
                        "env_step": {
                            "total": 101.02044889999976,
                            "count": 1727,
                            "self": 99.12831219999964,
                            "children": {
                                "SubprocessEnvManager._take_step": {
                                    "total": 1.871891499999955,
                                    "count": 1727,
                                    "self": 0.10649839999974109,
                                    "children": {
                                        "NNPolicy.evaluate": {
                                            "total": 1.7653931000002139,
                                            "count": 1727,
                                            "self": 1.7653931000002139
                                        }
                                    }
                                },
                                "workers": {
                                    "total": 0.0202452000001605,
                                    "count": 1726,
                                    "self": 0.0,
                                    "children": {
                                        "worker_root": {
                                            "total": 103.45117020000006,
                                            "count": 1726,
                                            "is_parallel": true,
                                            "self": 23.481759900000085,
                                            "children": {
                                                "steps_from_proto": {
                                                    "total": 0.0009301999999999921,
                                                    "count": 1,
                                                    "is_parallel": true,
                                                    "self": 0.0002525000000002109,
                                                    "children": {
                                                        "_process_vector_observation": {
                                                            "total": 0.0006776999999997813,
                                                            "count": 2,
                                                            "is_parallel": true,
                                                            "self": 0.0006776999999997813
                                                        }
                                                    }
                                                },
                                                "UnityEnvironment.step": {
                                                    "total": 79.96848009999998,
                                                    "count": 1726,
                                                    "is_parallel": true,
                                                    "self": 0.39230130000065344,
                                                    "children": {
                                                        "UnityEnvironment._generate_step_input": {
                                                            "total": 0.7789766000000586,
                                                            "count": 1726,
                                                            "is_parallel": true,
                                                            "self": 0.7789766000000586
                                                        },
                                                        "communicator.exchange": {
                                                            "total": 77.2909299999997,
                                                            "count": 1726,
                                                            "is_parallel": true,
                                                            "self": 77.2909299999997
                                                        },
                                                        "steps_from_proto": {
                                                            "total": 1.506272199999553,
                                                            "count": 1726,
                                                            "is_parallel": true,
                                                            "self": 0.3981406999996553,