{
    "name": "root",
    "gauges": {
        "Goober.Policy.Entropy.mean": {
            "value": 1.3666362762451172,
            "min": 1.3666362762451172,
            "max": 1.422942876815796,
            "count": 146
        },
        "Goober.Environment.EpisodeLength.mean": {
            "value": 99.0,
            "min": 99.0,
            "max": 99.0,
            "count": 146
        },
        "Goober.Policy.ExtrinsicValueEstimate.mean": {
            "value": -0.14966809749603271,
            "min": -0.2131146788597107,
            "max": 0.22887882590293884,
            "count": 146
        },
        "Goober.Environment.CumulativeReward.mean": {
            "value": -0.2630000139772892,
            "min": -0.8250000122189521,
            "max": 0.00600000262260437,
            "count": 146
        },
        "Goober.Policy.ExtrinsicReward.mean": {
            "value": -0.2630000139772892,
            "min": -0.8250000122189521,
            "max": 0.00600000262260437,
            "count": 146
        },
        "Goober.IsTraining.mean": {
            "value": 1.0,
            "min": 1.0,
            "max": 1.0,
            "count": 146
        },
        "Goober.Losses.ValueLoss.mean": {
            "value": 0.12140949815511703,
            "min": 0.036177851259708405,
            "max": 0.15981076657772064,
            "count": 68
        },
        "Goober.Losses.PolicyLoss.mean": {
            "value": 0.016086287796497345,
            "min": 0.011212128214538097,
            "max": 0.021022586151957512,
            "count": 68
        },
        "Goober.Policy.LearningRate.mean": {
            "value": 0.000285550020635128,
            "min": 0.000285550020635128,
            "max": 0.0002997799892909825,
            "count": 68
        },
        "Goober.Policy.Epsilon.mean": {
            "value": 0.19518332183361053,
            "min": 0.19518332183361053,
            "max": 0.1999267041683197,
            "count": 68
        },
        "Goober.Policy.Beta.mean": {
            "value": 0.004759648349136114,
            "min": 0.004759648349136114,
            "max": 0.0049963416531682014,
            "count": 68
        }
    },
    "metadata": {
        "timer_format_version": "0.1.0",
        "start_time_seconds": "1615436852",
        "python_version": "3.7.7 (default, May  6 2020, 11:45:54) [MSC v.1916 64 bit (AMD64)]",
        "command_line_arguments": "C:\\Users\\Bryan\\anaconda3\\envs\\ml-agent-4.0\\Scripts\\mlagents-learn ./trainer_config.yaml --run-id Goober_04",
        "mlagents_version": "0.18.0",
        "mlagents_envs_version": "0.18.0",
        "communication_protocol_version": "1.0.0",
        "tensorflow_version": "2.2.0",
        "end_time_seconds": "1615438219"
    },
    "total": 1366.9415912,
    "count": 1,
    "self": 0.007053200000200377,
    "children": {
        "run_training.setup": {
            "total": 0.006565300000000107,
            "count": 1,
            "self": 0.006565300000000107
        },
        "TrainerController.start_learning": {
            "total": 1366.9279726999998,
            "count": 1,
            "self": 42.013661500005355,
            "children": {
                "TrainerController._reset_env": {
                    "total": 5.6291905,
                    "count": 1,
                    "self": 5.6291905
                },
                "TrainerController.advance": {
                    "total": 1318.9457278999944,
                    "count": 58757,
                    "self": 0.8930993999993007,
                    "children": {
                        "env_step": {
                            "total": 1318.052628499995,
                            "count": 58757,
                            "self": 1268.6012344999976,
                            "children": {
                                "SubprocessEnvManager._take_step": {
                                    "total": 48.635219900003804,
                                    "count": 58757,
                                    "self": 2.512412500022478,
                                    "children": {
                                        "NNPolicy.evaluate": {
                                            "total": 46.122807399981326,
                                            "count": 58757,
                                            "self": 46.122807399981326
                                        }
                                    }
                                },
                                "workers": {
                                    "total": 0.8161740999936402,
                                    "count": 58756,
                                    "self": 0.0,
                                    "children": {
                                        "worker_root": {
                                            "total": 1359.1668578999831,
                                            "count": 58756,
                                            "is_parallel": true,
                                            "self": 336.50145869998016,
                                            "children": {
                                                "steps_from_proto": {
                                                    "total": 0.0007823000000000135,
                                                    "count": 1,
                                                    "is_parallel": true,
                                                    "self": 0.00021099999999929508,
                                                    "children": {
                                                        "_process_vector_observation": {
                                                            "total": 0.0005713000000007185,
                                                            "count": 2,
                                                            "is_parallel": true,
                                                            "self": 0.0005713000000007185
                                                        }
                                                    }
                                                },
                                                "UnityEnvironment.step": {
                                                    "total": 1022.664616900003,
                                                    "count": 58756,
                                                    "is_parallel": true,
                                                    "self": 8.744693499966843,
                                                    "children": {
                                                        "UnityEnvironment._generate_step_input": {
                                                            "total": 13.353380100001802,
                                                            "count": 58756,
                                                            "is_parallel": true,
                                                            "self": 13.353380100001802
                                                        },
                                                        "communicator.exchange": {
                                                            "total": 974.7318791000201,
                                                            "count": 58756,
                                                            "is_parallel": true,
                                                            "self": 974.7318791000201
                                                        },
                                                        "steps_from_proto": {
                                                            "total": 25.83466420001421,
                                                            "count": 58756,
                                                            "is_parallel": true,
                                                            "self": 5.980233900038844,