{
    "name": "root",
    "gauges": {
        "Goober.Policy.Entropy.mean": {
            "value": 2.767331838607788,
            "min": 2.767331838607788,
            "max": 2.772472620010376,
            "count": 3
        },
        "Goober.Environment.EpisodeLength.mean": {
            "value": 99.0,
            "min": 99.0,
            "max": 99.0,
            "count": 3
        },
        "Goober.Policy.ExtrinsicValueEstimate.mean": {
            "value": -0.1834489107131958,
            "min": -0.1834489107131958,
            "max": 0.029048241674900055,
            "count": 3
        },
        "Goober.Environment.CumulativeReward.mean": {
            "value": -16.745,
            "min": -18.505050505050505,
            "max": -16.6,
            "count": 3
        },
        "Goober.Policy.ExtrinsicReward.mean": {
            "value": -16.745,
            "min": -18.505050505050505,
            "max": -16.6,
            "count": 3
        },
        "Goober.IsTraining.mean": {
            "value": 1.0,
            "min": 1.0,
            "max": 1.0,
            "count": 3
        },
        "Goober.Losses.ValueLoss.mean": {
            "value": 31.427162170410156,
            "min": 31.427162170410156,
            "max": 31.427162170410156,
            "count": 1
        },
        "Goober.Losses.PolicyLoss.mean": {
            "value": 0.011988893151283264,
            "min": 0.011988893151283264,
            "max": 0.011988893151283264,
            "count": 1
        },
        "Goober.Policy.LearningRate.mean": {
            "value": 0.0002997900010086596,
            "min": 0.0002997900010086596,
            "max": 0.0002997900010086596,
            "count": 1
        },
        "Goober.Policy.Epsilon.mean": {
            "value": 0.19993004202842712,
            "min": 0.19993004202842712,
            "max": 0.19993004202842712,
            "count": 1
        },
        "Goober.Policy.Beta.mean": {
            "value": 0.004996507428586483,
            "min": 0.004996507428586483,
            "max": 0.004996507428586483,
            "count": 1
        }
    },
    "metadata": {
        "timer_format_version": "0.1.0",
        "start_time_seconds": "1615394651",
        "python_version": "3.7.7 (default, May  6 2020, 11:45:54) [MSC v.1916 64 bit (AMD64)]",
        "command_line_arguments": "C:\\Users\\Bryan\\anaconda3\\envs\\ml-agent-4.0\\Scripts\\mlagents-learn ./trainer_config.yaml --run-id simpleAgent_04",
        "mlagents_version": "0.18.0",
        "mlagents_envs_version": "0.18.0",
        "communication_protocol_version": "1.0.0",
        "tensorflow_version": "2.2.0",
        "end_time_seconds": "1615394689"
    },
    "total": 37.5810226,
    "count": 1,
    "self": 0.0039052999999995563,
    "children": {
        "run_training.setup": {
            "total": 0.005612200000000067,
            "count": 1,
            "self": 0.005612200000000067
        },
        "TrainerController.start_learning": {
            "total": 37.571505099999996,
            "count": 1,
            "self": 2.0250046999999824,
            "children": {
                "TrainerController._reset_env": {
                    "total": 6.3704385,
                    "count": 1,
                    "self": 6.3704385
                },
                "TrainerController.advance": {
                    "total": 28.690270000000012,
                    "count": 471,
                    "self": 0.006397599999985459,
                    "children": {
                        "env_step": {
                            "total": 28.683872400000027,
                            "count": 471,
                            "self": 28.025563300000076,
                            "children": {
                                "SubprocessEnvManager._take_step": {
                                    "total": 0.6530867999999508,
                                    "count": 471,
                                    "self": 0.029811699999907404,
                                    "children": {
                                        "NNPolicy.evaluate": {
                                            "total": 0.6232751000000434,
                                            "count": 471,
                                            "self": 0.6232751000000434
                                        }
                                    }
                                },
                                "workers": {
                                    "total": 0.005222299999999791,
                                    "count": 470,
                                    "self": 0.0,
                                    "children": {
                                        "worker_root": {
                                            "total": 30.458007199999955,
                                            "count": 470,
                                            "is_parallel": true,
                                            "self": 5.7387363999999685,
                                            "children": {
                                                "steps_from_proto": {
                                                    "total": 0.0009152999999999523,
                                                    "count": 1,
                                                    "is_parallel": true,
                                                    "self": 0.0002686999999994555,
                                                    "children": {
                                                        "_process_vector_observation": {
                                                            "total": 0.0006466000000004968,
                                                            "count": 2,
                                                            "is_parallel": true,
                                                            "self": 0.0006466000000004968
                                                        }
                                                    }
                                                },
                                                "UnityEnvironment.step": {
                                                    "total": 24.718355499999987,
                                                    "count": 470,
                                                    "is_parallel": true,
                                                    "self": 0.10997319999997401,
                                                    "children": {
                                                        "UnityEnvironment._generate_step_input": {
                                                            "total": 0.2290573999999852,
                                                            "count": 470,
                                                            "is_parallel": true,
                                                            "self": 0.2290573999999852
                                                        },
                                                        "communicator.exchange": {
                                                            "total": 23.948206900000013,
                                                            "count": 470,
                                                            "is_parallel": true,
                                                            "self": 23.948206900000013
                                                        },
                                                        "steps_from_proto": {
                                                            "total": 0.43111800000001566,
                                                            "count": 470,
                                                            "is_parallel": true,
                                                            "self": 0.1144141999999535,