{
    "name": "root",
    "gauges": {
        "Goober.Policy.Entropy.mean": {
            "value": 1.3564680814743042,
            "min": 1.3564680814743042,
            "max": 1.4257984161376953,
            "count": 128
        },
        "Goober.Environment.EpisodeLength.mean": {
            "value": 99.0,
            "min": 99.0,
            "max": 99.0,
            "count": 129
        },
        "Goober.Policy.ExtrinsicValueEstimate.mean": {
            "value": 0.02621990628540516,
            "min": -0.1000838577747345,
            "max": 0.6868613958358765,
            "count": 129
        },
        "Goober.Environment.CumulativeReward.mean": {
            "value": -0.3600000096857548,
            "min": -2.2110000151395797,
            "max": -0.35500000923871994,
            "count": 129
        },
        "Goober.Policy.ExtrinsicReward.mean": {
            "value": -0.3600000096857548,
            "min": -2.2110000151395797,
            "max": -0.35500000923871994,
            "count": 129
        },
        "Goober.IsTraining.mean": {
            "value": 1.0,
            "min": 1.0,
            "max": 1.0,
            "count": 129
        },
        "Goober.Losses.ValueLoss.mean": {
            "value": 0.016874272376298904,
            "min": 0.001927301986142993,
            "max": 0.8189359307289124,
            "count": 58
        },
        "Goober.Losses.PolicyLoss.mean": {
            "value": 0.017958087846636772,
            "min": 0.012567523866891861,
            "max": 0.021154673770070076,
            "count": 58
        },
        "Goober.Policy.LearningRate.mean": {
            "value": 0.00028724002186208963,
            "min": 0.00028724002186208963,
            "max": 0.0002997799892909825,
            "count": 58
        },
        "Goober.Policy.Epsilon.mean": {
            "value": 0.19574661552906036,
            "min": 0.19574661552906036,
            "max": 0.1999267041683197,
            "count": 58
        },
        "Goober.Policy.Beta.mean": {
            "value": 0.004787758458405733,
            "min": 0.004787758458405733,
            "max": 0.0049963416531682014,
            "count": 58
        }
    },
    "metadata": {
        "timer_format_version": "0.1.0",
        "start_time_seconds": "1614696638",
        "python_version": "3.7.7 (default, May  6 2020, 11:45:54) [MSC v.1916 64 bit (AMD64)]",
        "command_line_arguments": "C:\\Users\\Bryan\\anaconda3\\envs\\ml-agent-4.0\\Scripts\\mlagents-learn ./trainer_config.yaml --run-id adversary_08",
        "mlagents_version": "0.18.0",
        "mlagents_envs_version": "0.18.0",
        "communication_protocol_version": "1.0.0",
        "tensorflow_version": "2.2.0",
        "end_time_seconds": "1614697285"
    },
    "total": 647.6743262,
    "count": 1,
    "self": 0.0038468999999849984,
    "children": {
        "run_training.setup": {
            "total": 0.006738799999999934,
            "count": 1,
            "self": 0.006738799999999934
        },
        "TrainerController.start_learning": {
            "total": 647.6637405,
            "count": 1,
            "self": 5.97273899999891,
            "children": {
                "TrainerController._reset_env": {
                    "total": 7.6140042999999995,
                    "count": 1,
                    "self": 7.6140042999999995
                },
                "TrainerController.advance": {
                    "total": 633.696154300001,
                    "count": 6501,
                    "self": 0.10124150000251575,
                    "children": {
                        "env_step": {
                            "total": 633.5949127999985,
                            "count": 6501,
                            "self": 625.2223276999991,
                            "children": {
                                "SubprocessEnvManager._take_step": {
                                    "total": 8.289868499998695,
                                    "count": 6501,
                                    "self": 0.8827111999999158,
                                    "children": {
                                        "NNPolicy.evaluate": {
                                            "total": 7.407157299998779,
                                            "count": 6501,
                                            "self": 7.407157299998779
                                        }
                                    }
                                },
                                "workers": {
                                    "total": 0.08271660000068515,
                                    "count": 6500,
                                    "self": 0.0,
                                    "children": {
                                        "worker_root": {
                                            "total": 637.2466568000019,
                                            "count": 6500,
                                            "is_parallel": true,
                                            "self": 239.44091390000074,
                                            "children": {
                                                "steps_from_proto": {
                                                    "total": 0.002420699999999165,
                                                    "count": 1,
                                                    "is_parallel": true,
                                                    "self": 0.0002594999999985248,
                                                    "children": {
                                                        "_process_vector_observation": {
                                                            "total": 0.0021612000000006404,
                                                            "count": 2,
                                                            "is_parallel": true,
                                                            "self": 0.0021612000000006404
                                                        }
                                                    }
                                                },
                                                "UnityEnvironment.step": {
                                                    "total": 397.80332220000116,
                                                    "count": 6500,
                                                    "is_parallel": true,
                                                    "self": 4.748456299998281,
                                                    "children": {
                                                        "UnityEnvironment._generate_step_input": {
                                                            "total": 8.284997700001153,
                                                            "count": 6500,
                                                            "is_parallel": true,
                                                            "self": 8.284997700001153
                                                        },
                                                        "communicator.exchange": {
                                                            "total": 366.8353528000014,
                                                            "count": 6500,
                                                            "is_parallel": true,
                                                            "self": 366.8353528000014
                                                        },
                                                        "steps_from_proto": {
                                                            "total": 17.93451540000036,
                                                            "count": 6500,
                                                            "is_parallel": true,
                                                            "self": 1.8704482999988095,