{
    "name": "root",
    "metadata": {
        "timer_format_version": "0.1.0",
        "start_time_seconds": "1615404652",
        "python_version": "3.7.7 (default, May  6 2020, 11:45:54) [MSC v.1916 64 bit (AMD64)]",
        "command_line_arguments": "C:\\Users\\Bryan\\anaconda3\\envs\\ml-agent-4.0\\Scripts\\mlagents-learn ./trainer_config.yaml --run-id ADiscreteTest_01",
        "mlagents_version": "0.18.0",
        "mlagents_envs_version": "0.18.0",
        "communication_protocol_version": "1.0.0",
        "tensorflow_version": "2.2.0",
        "end_time_seconds": "1615404692"
    },
    "total": 40.2930081,
    "count": 1,
    "self": 0.020227900000001853,
    "children": {
        "run_training.setup": {
            "total": 0.005732599999999977,
            "count": 1,
            "self": 0.005732599999999977
        },
        "TrainerController.start_learning": {
            "total": 40.2670476,
            "count": 1,
            "self": 1.4354034999999428,
            "children": {
                "TrainerController._reset_env": {
                    "total": 23.193548,
                    "count": 1,
                    "self": 23.193548
                },
                "TrainerController.advance": {
                    "total": 15.235027600000052,
                    "count": 157,
                    "self": 0.0019230000000511893,
                    "children": {
                        "env_step": {
                            "total": 15.2331046,
                            "count": 157,
                            "self": 15.107481499999999,
                            "children": {
                                "SubprocessEnvManager._take_step": {
                                    "total": 0.12397219999996878,
                                    "count": 157,
                                    "self": 0.0053811999999879845,
                                    "children": {
                                        "NNPolicy.evaluate": {
                                            "total": 0.1185909999999808,
                                            "count": 157,
                                            "self": 0.1185909999999808
                                        }
                                    }
                                },
                                "workers": {
                                    "total": 0.0016509000000333174,
                                    "count": 156,
                                    "self": 0.0,
                                    "children": {
                                        "worker_root": {
                                            "total": 16.40500399999996,
                                            "count": 156,
                                            "is_parallel": true,
                                            "self": 1.6287039999999884,
                                            "children": {
                                                "steps_from_proto": {
                                                    "total": 0.0004044000000007486,
                                                    "count": 1,
                                                    "is_parallel": true,
                                                    "self": 8.95000000014079e-05,
                                                    "children": {
                                                        "_process_vector_observation": {
                                                            "total": 0.0003148999999993407,
                                                            "count": 2,
                                                            "is_parallel": true,
                                                            "self": 0.0003148999999993407
                                                        }
                                                    }
                                                },
                                                "UnityEnvironment.step": {
                                                    "total": 14.77589559999997,
                                                    "count": 156,
                                                    "is_parallel": true,
                                                    "self": 0.018890499999937305,
                                                    "children": {
                                                        "UnityEnvironment._generate_step_input": {
                                                            "total": 0.027262900000017964,
                                                            "count": 156,
                                                            "is_parallel": true,
                                                            "self": 0.027262900000017964
                                                        },
                                                        "communicator.exchange": {
                                                            "total": 14.673039999999993,
                                                            "count": 156,
                                                            "is_parallel": true,
                                                            "self": 14.673039999999993
                                                        },
                                                        "steps_from_proto": {
                                                            "total": 0.05670220000002146,
                                                            "count": 156,
                                                            "is_parallel": true,
                                                            "self": 0.012577499999991915,
                                                            "children": {
                                                                "_process_vector_observation": {
                                                                    "total": 0.04412470000002955,
                                                                    "count": 312,
                                                                    "is_parallel": true,
                                                                    "self": 0.04412470000002955
                                                                }
                                                            }
                                                        }
                                                    }
                                                }
                                            }
                                        }
                                    }
                                }
                            }
                        }
                    }
                },
                "trainer_threads": {
                    "total": 0.00011109999999803222,
                    "count": 1,
                    "self": 0.00011109999999803222,
                    "children": {
                        "thread_root": {
                            "total": 0.0,
                            "count": 0,
                            "is_parallel": true,
                            "self": 0.0,
                            "children": {
                                "trainer_advance": {
                                    "total": 15.255042100000153,
                                    "count": 972,
                                    "is_parallel": true,
                                    "self": 0.033240500000243145,
                                    "children": {
                                        "process_trajectory": {
                                            "total": 15.22180159999991,
                                            "count": 972,
                                            "is_parallel": true,