Steps,Policy/Entropy,Environment/Episode Length,Policy/Extrinsic Value Estimate,Environment/Cumulative Reward,Policy/Extrinsic Reward,Is Training
10000,1.4189383,99.0,-0.38487497,-0.8717171757510214,-0.8717171757510214,1.0
20000,1.4189384,99.0,-0.3660635,-0.8139999929070473,-0.8139999929070473,1.0
