Steps,Policy/Entropy,Environment/Episode Length,Policy/Extrinsic Value Estimate,Environment/Cumulative Reward,Policy/Extrinsic Reward,Is Training
10000,1.4189383,99.0,-0.30590048,-0.5232323378023475,-0.5232323378023475,1.0
20000,1.4189383,99.0,-0.32342896,-0.34899999648332597,-0.34899999648332597,1.0
30000,1.4187547,99.0,-0.3388422,-0.29100000381469726,-0.29100000381469726,1.0
40000,1.4187623,99.0,-0.3379182,-0.6270000010728836,-0.6270000010728836,1.0
