{
    "name": "root",
    "gauges": {
        "Goober.Policy.Entropy.mean": {
            "value": 2.067861795425415,
            "min": 2.067861795425415,
            "max": 2.079305410385132,
            "count": 6
        },
        "Goober.Environment.EpisodeLength.mean": {
            "value": 99.0,
            "min": 99.0,
            "max": 99.0,
            "count": 6
        },
        "Goober.Policy.ExtrinsicValueEstimate.mean": {
            "value": -0.3068176209926605,
            "min": -0.3068176209926605,
            "max": -0.023042483255267143,
            "count": 6
        },
        "Goober.Environment.CumulativeReward.mean": {
            "value": -14.38,
            "min": -16.42,
            "max": -12.38,
            "count": 6
        },
        "Goober.Policy.ExtrinsicReward.mean": {
            "value": -14.38,
            "min": -16.42,
            "max": -12.38,
            "count": 6
        },
        "Goober.IsTraining.mean": {
            "value": 1.0,
            "min": 1.0,
            "max": 1.0,
            "count": 6
        },
        "Goober.Losses.ValueLoss.mean": {
            "value": 21.39691734313965,
            "min": 21.39691734313965,
            "max": 26.319374084472656,
            "count": 2
        },
        "Goober.Losses.PolicyLoss.mean": {
            "value": 0.018766093999147415,
            "min": 0.014640433713793755,
            "max": 0.018766093999147415,
            "count": 2
        },
        "Goober.Policy.LearningRate.mean": {
            "value": 0.0002995850227307528,
            "min": 0.0002995850227307528,
            "max": 0.0002997900010086596,
            "count": 2
        },
        "Goober.Policy.Epsilon.mean": {
            "value": 0.19986166059970856,
            "min": 0.19986166059970856,
            "max": 0.19993004202842712,
            "count": 2
        },
        "Goober.Policy.Beta.mean": {
            "value": 0.004993096925318241,
            "min": 0.004993096925318241,
            "max": 0.004996507428586483,
            "count": 2
        }
    },
    "metadata": {
        "timer_format_version": "0.1.0",
        "start_time_seconds": "1615396971",
        "python_version": "3.7.7 (default, May  6 2020, 11:45:54) [MSC v.1916 64 bit (AMD64)]",
        "command_line_arguments": "C:\\Users\\Bryan\\anaconda3\\envs\\ml-agent-4.0\\Scripts\\mlagents-learn ./trainer_config.yaml --run-id simpleAgent_08",
        "mlagents_version": "0.18.0",
        "mlagents_envs_version": "0.18.0",
        "communication_protocol_version": "1.0.0",
        "tensorflow_version": "2.2.0",
        "end_time_seconds": "1615397035"
    },
    "total": 63.8058781,
    "count": 1,
    "self": 0.006473400000004403,
    "children": {
        "run_training.setup": {
            "total": 0.014119299999999946,
            "count": 1,
            "self": 0.014119299999999946
        },
        "TrainerController.start_learning": {
            "total": 63.7852854,
            "count": 1,
            "self": 1.951306800000033,
            "children": {
                "TrainerController._reset_env": {
                    "total": 5.633341,
                    "count": 1,
                    "self": 5.633341
                },
                "TrainerController.advance": {
                    "total": 55.57893469999998,
                    "count": 874,
                    "self": 0.012099900000009711,
                    "children": {
                        "env_step": {
                            "total": 55.56683479999997,
                            "count": 874,
                            "self": 54.667599800000026,
                            "children": {
                                "SubprocessEnvManager._take_step": {
                                    "total": 0.8892397999999275,
                                    "count": 874,
                                    "self": 0.0554244000000903,
                                    "children": {
                                        "NNPolicy.evaluate": {
                                            "total": 0.8338153999998372,
                                            "count": 874,
                                            "self": 0.8338153999998372
                                        }
                                    }
                                },
                                "workers": {
                                    "total": 0.009995200000014748,
                                    "count": 873,
                                    "self": 0.0,
                                    "children": {
                                        "worker_root": {
                                            "total": 57.27541949999996,
                                            "count": 873,
                                            "is_parallel": true,
                                            "self": 10.565588299999938,
                                            "children": {
                                                "steps_from_proto": {
                                                    "total": 0.0008784999999997822,
                                                    "count": 1,
                                                    "is_parallel": true,
                                                    "self": 0.00025079999999988445,
                                                    "children": {
                                                        "_process_vector_observation": {
                                                            "total": 0.0006276999999998978,
                                                            "count": 2,
                                                            "is_parallel": true,
                                                            "self": 0.0006276999999998978
                                                        }
                                                    }
                                                },
                                                "UnityEnvironment.step": {
                                                    "total": 46.708952700000026,
                                                    "count": 873,
                                                    "is_parallel": true,
                                                    "self": 0.21048029999995777,
                                                    "children": {
                                                        "UnityEnvironment._generate_step_input": {
                                                            "total": 0.4157097999999939,
                                                            "count": 873,
                                                            "is_parallel": true,
                                                            "self": 0.4157097999999939
                                                        },
                                                        "communicator.exchange": {
                                                            "total": 45.28182900000015,
                                                            "count": 873,
                                                            "is_parallel": true,
                                                            "self": 45.28182900000015
                                                        },
                                                        "steps_from_proto": {
                                                            "total": 0.8009335999999223,
                                                            "count": 873,
                                                            "is_parallel": true,
                                                            "self": 0.21139609999992892,