{
    "name": "root",
    "gauges": {
        "Goober.Policy.Entropy.mean": {
            "value": 1.3526194095611572,
            "min": 1.352600336074829,
            "max": 1.4195002317428589,
            "count": 107
        },
        "Goober.Environment.EpisodeLength.mean": {
            "value": 99.0,
            "min": 99.0,
            "max": 99.0,
            "count": 188
        },
        "Goober.Policy.ExtrinsicValueEstimate.mean": {
            "value": -0.26306912302970886,
            "min": -4.29304313659668,
            "max": 0.776882529258728,
            "count": 188
        },
        "Goober.Environment.CumulativeReward.mean": {
            "value": 1.069999986886978,
            "min": -28.98,
            "max": 1.267499978542328,
            "count": 188
        },
        "Goober.Policy.ExtrinsicReward.mean": {
            "value": 1.069999986886978,
            "min": -28.98,
            "max": 1.267499978542328,
            "count": 188
        },
        "Goober.IsTraining.mean": {
            "value": 1.0,
            "min": 1.0,
            "max": 1.0,
            "count": 188
        },
        "Goober.Losses.ValueLoss.mean": {
            "value": 0.06737501919269562,
            "min": 0.02816607430577278,
            "max": 78.50605773925781,
            "count": 88
        },
        "Goober.Losses.PolicyLoss.mean": {
            "value": 0.013771492056548595,
            "min": 0.010810534469783306,
            "max": 0.04662902280688286,
            "count": 88
        },
        "Goober.Policy.LearningRate.mean": {
            "value": 0.00028123604715801775,
            "min": 0.00028123604715801775,
            "max": 0.00029978802194818854,
            "count": 88
        },
        "Goober.Policy.Epsilon.mean": {
            "value": 0.19374530017375946,
            "min": 0.19374530017375946,
            "max": 0.19992929697036743,
            "count": 88
        },
        "Goober.Policy.Beta.mean": {
            "value": 0.004687891341745853,
            "min": 0.004687891341745853,
            "max": 0.004996473900973797,
            "count": 88
        }
    },
    "metadata": {
        "timer_format_version": "0.1.0",
        "start_time_seconds": "1614693441",
        "python_version": "3.7.7 (default, May  6 2020, 11:45:54) [MSC v.1916 64 bit (AMD64)]",
        "command_line_arguments": "C:\\Users\\Bryan\\anaconda3\\envs\\ml-agent-4.0\\Scripts\\mlagents-learn ./trainer_config.yaml --run-id adversary_06",
        "mlagents_version": "0.18.0",
        "mlagents_envs_version": "0.18.0",
        "communication_protocol_version": "1.0.0",
        "tensorflow_version": "2.2.0",
        "end_time_seconds": "1614694360"
    },
    "total": 919.6152631,
    "count": 1,
    "self": 0.03237259999991693,
    "children": {
        "run_training.setup": {
            "total": 0.0054403000000000645,
            "count": 1,
            "self": 0.0054403000000000645
        },
        "TrainerController.start_learning": {
            "total": 919.5774502,
            "count": 1,
            "self": 6.157620700004259,
            "children": {
                "TrainerController._reset_env": {
                    "total": 5.0849177,
                    "count": 1,
                    "self": 5.0849177
                },
                "TrainerController.advance": {
                    "total": 907.9921356999959,
                    "count": 9801,
                    "self": 0.1376381999938303,
                    "children": {
                        "env_step": {
                            "total": 907.854497500002,
                            "count": 9801,
                            "self": 897.4858669999974,
                            "children": {
                                "SubprocessEnvManager._take_step": {
                                    "total": 10.253480600006432,
                                    "count": 9801,
                                    "self": 1.1487785000019795,
                                    "children": {
                                        "NNPolicy.evaluate": {
                                            "total": 9.104702100004452,
                                            "count": 9801,
                                            "self": 9.104702100004452
                                        }
                                    }
                                },
                                "workers": {
                                    "total": 0.11514989999824721,
                                    "count": 9800,
                                    "self": 0.0,
                                    "children": {
                                        "worker_root": {
                                            "total": 910.2396152999972,
                                            "count": 9800,
                                            "is_parallel": true,
                                            "self": 337.22182979999843,
                                            "children": {
                                                "steps_from_proto": {
                                                    "total": 0.0026114000000001525,
                                                    "count": 1,
                                                    "is_parallel": true,
                                                    "self": 0.00022840000000101668,
                                                    "children": {
                                                        "_process_vector_observation": {
                                                            "total": 0.002382999999999136,
                                                            "count": 2,
                                                            "is_parallel": true,
                                                            "self": 0.002382999999999136
                                                        }
                                                    }
                                                },
                                                "UnityEnvironment.step": {
                                                    "total": 573.0151740999988,
                                                    "count": 9800,
                                                    "is_parallel": true,
                                                    "self": 6.310081799991508,
                                                    "children": {
                                                        "UnityEnvironment._generate_step_input": {
                                                            "total": 10.862439299999737,
                                                            "count": 9800,
                                                            "is_parallel": true,
                                                            "self": 10.862439299999737
                                                        },
                                                        "communicator.exchange": {
                                                            "total": 532.1223119000076,
                                                            "count": 9800,
                                                            "is_parallel": true,
                                                            "self": 532.1223119000076
                                                        },
                                                        "steps_from_proto": {
                                                            "total": 23.720341099999978,
                                                            "count": 9800,
                                                            "is_parallel": true,
                                                            "self": 2.380692900007002,