{
    "name": "root",
    "gauges": {
        "Goober.Policy.Entropy.mean": {
            "value": 2.520904541015625,
            "min": 2.520904541015625,
            "max": 2.772383451461792,
            "count": 28
        },
        "Goober.Environment.EpisodeLength.mean": {
            "value": 99.0,
            "min": 99.0,
            "max": 99.0,
            "count": 28
        },
        "Goober.Policy.ExtrinsicValueEstimate.mean": {
            "value": -1.805019497871399,
            "min": -1.9319281578063965,
            "max": 0.045898254960775375,
            "count": 28
        },
        "Goober.Environment.CumulativeReward.mean": {
            "value": -4.68,
            "min": -16.843434343434343,
            "max": -4.68,
            "count": 28
        },
        "Goober.Policy.ExtrinsicReward.mean": {
            "value": -4.68,
            "min": -16.843434343434343,
            "max": -4.68,
            "count": 28
        },
        "Goober.IsTraining.mean": {
            "value": 1.0,
            "min": 1.0,
            "max": 1.0,
            "count": 28
        },
        "Goober.Losses.ValueLoss.mean": {
            "value": 9.644862174987793,
            "min": 9.644862174987793,
            "max": 27.965862274169922,
            "count": 13
        },
        "Goober.Losses.PolicyLoss.mean": {
            "value": 0.01540407259017229,
            "min": 0.01124667190015316,
            "max": 0.019164152443408966,
            "count": 13
        },
        "Goober.Policy.LearningRate.mean": {
            "value": 0.0002973150403704494,
            "min": 0.0002973150403704494,
            "max": 0.0002997900010086596,
            "count": 13
        },
        "Goober.Policy.Epsilon.mean": {
            "value": 0.19910494983196259,
            "min": 0.19910494983196259,
            "max": 0.19993004202842712,
            "count": 13
        },
        "Goober.Policy.Beta.mean": {
            "value": 0.004955338779836893,
            "min": 0.004955338779836893,
            "max": 0.004996507428586483,
            "count": 13
        }
    },
    "metadata": {
        "timer_format_version": "0.1.0",
        "start_time_seconds": "1615393870",
        "python_version": "3.7.7 (default, May  6 2020, 11:45:54) [MSC v.1916 64 bit (AMD64)]",
        "command_line_arguments": "C:\\Users\\Bryan\\anaconda3\\envs\\ml-agent-4.0\\Scripts\\mlagents-learn ./trainer_config.yaml --run-id simpleAgent_02",
        "mlagents_version": "0.18.0",
        "mlagents_envs_version": "0.18.0",
        "communication_protocol_version": "1.0.0",
        "tensorflow_version": "2.2.0",
        "end_time_seconds": "1615394121"
    },
    "total": 250.87148159999998,
    "count": 1,
    "self": 0.0506885000000068,
    "children": {
        "run_training.setup": {
            "total": 0.028303999999999885,
            "count": 1,
            "self": 0.028303999999999885
        },
        "TrainerController.start_learning": {
            "total": 250.79248909999998,
            "count": 1,
            "self": 4.6026443000002075,
            "children": {
                "TrainerController._reset_env": {
                    "total": 6.237954499999999,
                    "count": 1,
                    "self": 6.237954499999999
                },
                "TrainerController.advance": {
                    "total": 239.35845259999982,
                    "count": 3871,
                    "self": 0.05915079999968498,
                    "children": {
                        "env_step": {
                            "total": 239.29930180000014,
                            "count": 3871,
                            "self": 234.51821100000015,
                            "children": {
                                "SubprocessEnvManager._take_step": {
                                    "total": 4.7304402999999535,
                                    "count": 3871,
                                    "self": 0.2801292000009816,
                                    "children": {
                                        "NNPolicy.evaluate": {
                                            "total": 4.450311099998972,
                                            "count": 3871,
                                            "self": 4.450311099998972
                                        }
                                    }
                                },
                                "workers": {
                                    "total": 0.050650500000026355,
                                    "count": 3870,
                                    "self": 0.0,
                                    "children": {
                                        "worker_root": {
                                            "total": 243.52293239999946,
                                            "count": 3870,
                                            "is_parallel": true,
                                            "self": 62.00188729999854,
                                            "children": {
                                                "steps_from_proto": {
                                                    "total": 0.0018146999999997249,
                                                    "count": 1,
                                                    "is_parallel": true,
                                                    "self": 0.0005607000000003026,
                                                    "children": {
                                                        "_process_vector_observation": {
                                                            "total": 0.0012539999999994222,
                                                            "count": 2,
                                                            "is_parallel": true,
                                                            "self": 0.0012539999999994222
                                                        }
                                                    }
                                                },
                                                "UnityEnvironment.step": {
                                                    "total": 181.5192304000009,
                                                    "count": 3870,
                                                    "is_parallel": true,
                                                    "self": 1.0646096000020293,
                                                    "children": {
                                                        "UnityEnvironment._generate_step_input": {
                                                            "total": 2.218012699999729,
                                                            "count": 3870,
                                                            "is_parallel": true,
                                                            "self": 2.218012699999729
                                                        },
                                                        "communicator.exchange": {
                                                            "total": 174.22694999999982,
                                                            "count": 3870,
                                                            "is_parallel": true,
                                                            "self": 174.22694999999982
                                                        },
                                                        "steps_from_proto": {
                                                            "total": 4.009658099999329,
                                                            "count": 3870,
                                                            "is_parallel": true,
                                                            "self": 1.082431499998381,