{
    "name": "root",
    "gauges": {
        "Goober.Policy.Entropy.mean": {
            "value": 1.437069296836853,
            "min": 1.4189382791519165,
            "max": 1.4390126466751099,
            "count": 336
        },
        "Goober.Environment.EpisodeLength.mean": {
            "value": 99.0,
            "min": 99.0,
            "max": 99.0,
            "count": 337
        },
        "Goober.Policy.ExtrinsicValueEstimate.mean": {
            "value": -0.009180933237075806,
            "min": -2.317255735397339,
            "max": 0.2518588900566101,
            "count": 337
        },
        "Goober.Environment.CumulativeReward.mean": {
            "value": 0.06800000309944153,
            "min": -11.058999967575073,
            "max": 0.17299999833106994,
            "count": 337
        },
        "Goober.Policy.ExtrinsicReward.mean": {
            "value": 0.06800000309944153,
            "min": -11.058999967575073,
            "max": 0.17299999833106994,
            "count": 337
        },
        "Goober.IsTraining.mean": {
            "value": 1.0,
            "min": 1.0,
            "max": 1.0,
            "count": 337
        },
        "Goober.Losses.ValueLoss.mean": {
            "value": 0.7614725828170776,
            "min": 0.09895264357328415,
            "max": 46.600711822509766,
            "count": 153
        },
        "Goober.Losses.PolicyLoss.mean": {
            "value": 0.016660327091813087,
            "min": 0.011736957356333733,
            "max": 0.022484969347715378,
            "count": 153
        },
        "Goober.Policy.LearningRate.mean": {
            "value": 0.00026634003734216094,
            "min": 0.00026634003734216094,
            "max": 0.0002997799892909825,
            "count": 153
        },
        "Goober.Policy.Epsilon.mean": {
            "value": 0.18877997994422913,
            "min": 0.18877997994422913,
            "max": 0.1999267041683197,
            "count": 153
        },
        "Goober.Policy.Beta.mean": {
            "value": 0.0044401222839951515,
            "min": 0.0044401222839951515,
            "max": 0.0049963416531682014,
            "count": 153
        }
    },
    "metadata": {
        "timer_format_version": "0.1.0",
        "start_time_seconds": "1615840697",
        "python_version": "3.7.7 (default, May  6 2020, 11:45:54) [MSC v.1916 64 bit (AMD64)]",
        "command_line_arguments": "C:\\Users\\Bryan\\anaconda3\\envs\\ml-agent-4.0\\Scripts\\mlagents-learn ./trainer_config.yaml --run-id 3152020_04",
        "mlagents_version": "0.18.0",
        "mlagents_envs_version": "0.18.0",
        "communication_protocol_version": "1.0.0",
        "tensorflow_version": "2.2.0",
        "end_time_seconds": "1615842540"
    },
    "total": 1842.7591523,
    "count": 1,
    "self": 0.006801899999800298,
    "children": {
        "run_training.setup": {
            "total": 0.006396699999999811,
            "count": 1,
            "self": 0.006396699999999811
        },
        "TrainerController.start_learning": {
            "total": 1842.7459537000002,
            "count": 1,
            "self": 19.27017560002082,
            "children": {
                "TrainerController._reset_env": {
                    "total": 6.1168643,
                    "count": 1,
                    "self": 6.1168643
                },
                "TrainerController.advance": {
                    "total": 1817.0179460999793,
                    "count": 28124,
                    "self": 0.3767655999783983,
                    "children": {
                        "env_step": {
                            "total": 1816.641180500001,
                            "count": 28124,
                            "self": 1782.1360223000052,
                            "children": {
                                "SubprocessEnvManager._take_step": {
                                    "total": 34.16614739998966,
                                    "count": 28124,
                                    "self": 2.4415495999852226,
                                    "children": {
                                        "NNPolicy.evaluate": {
                                            "total": 31.72459780000444,
                                            "count": 28124,
                                            "self": 31.72459780000444
                                        }
                                    }
                                },
                                "workers": {
                                    "total": 0.33901080000604544,
                                    "count": 28123,
                                    "self": 0.0,
                                    "children": {
                                        "worker_root": {
                                            "total": 1829.2549734999955,
                                            "count": 28123,
                                            "is_parallel": true,
                                            "self": 614.7163608999838,
                                            "children": {
                                                "steps_from_proto": {
                                                    "total": 0.002877999999999936,
                                                    "count": 1,
                                                    "is_parallel": true,
                                                    "self": 0.0002628000000006736,
                                                    "children": {
                                                        "_process_vector_observation": {
                                                            "total": 0.0026151999999992626,
                                                            "count": 4,
                                                            "is_parallel": true,
                                                            "self": 0.0026151999999992626
                                                        }
                                                    }
                                                },
                                                "UnityEnvironment.step": {
                                                    "total": 1214.5357346000117,
                                                    "count": 28123,
                                                    "is_parallel": true,
                                                    "self": 19.40864570002168,
                                                    "children": {
                                                        "UnityEnvironment._generate_step_input": {
                                                            "total": 19.978228500004107,
                                                            "count": 28123,
                                                            "is_parallel": true,
                                                            "self": 19.978228500004107
                                                        },
                                                        "communicator.exchange": {
                                                            "total": 1091.2660939999828,
                                                            "count": 28123,
                                                            "is_parallel": true,
                                                            "self": 1091.2660939999828
                                                        },
                                                        "steps_from_proto": {
                                                            "total": 83.88276640000292,
                                                            "count": 28123,
                                                            "is_parallel": true,
                                                            "self": 5.496652299970862,