{
    "name": "root",
    "gauges": {
        "Goober.Policy.Entropy.mean": {
            "value": 1.8962886333465576,
            "min": 1.8698376417160034,
            "max": 2.770517110824585,
            "count": 151
        },
        "Goober.Environment.EpisodeLength.mean": {
            "value": 99.0,
            "min": 99.0,
            "max": 99.0,
            "count": 151
        },
        "Goober.Policy.ExtrinsicValueEstimate.mean": {
            "value": -0.020487314090132713,
            "min": -2.748659610748291,
            "max": 0.5298144817352295,
            "count": 151
        },
        "Goober.Environment.CumulativeReward.mean": {
            "value": -0.02,
            "min": -16.424242424242426,
            "max": 0.21,
            "count": 151
        },
        "Goober.Policy.ExtrinsicReward.mean": {
            "value": -0.02,
            "min": -16.424242424242426,
            "max": 0.21,
            "count": 151
        },
        "Goober.IsTraining.mean": {
            "value": 1.0,
            "min": 1.0,
            "max": 1.0,
            "count": 151
        },
        "Goober.Losses.ValueLoss.mean": {
            "value": 0.02889113314449787,
            "min": 0.02889113314449787,
            "max": 29.183162689208984,
            "count": 73
        },
        "Goober.Losses.PolicyLoss.mean": {
            "value": 0.014654102735221386,
            "min": 0.011540344916284084,
            "max": 0.022746143862605095,
            "count": 73
        },
        "Goober.Policy.LearningRate.mean": {
            "value": 0.00028494003345258534,
            "min": 0.00028494003345258534,
            "max": 0.0002997900010086596,
            "count": 73
        },
        "Goober.Policy.Epsilon.mean": {
            "value": 0.19498001039028168,
            "min": 0.19498001039028168,
            "max": 0.19993004202842712,
            "count": 73
        },
        "Goober.Policy.Beta.mean": {
            "value": 0.004749502055346966,
            "min": 0.004749502055346966,
            "max": 0.004996507428586483,
            "count": 73
        }
    },
    "metadata": {
        "timer_format_version": "0.1.0",
        "start_time_seconds": "1615392291",
        "python_version": "3.7.7 (default, May  6 2020, 11:45:54) [MSC v.1916 64 bit (AMD64)]",
        "command_line_arguments": "C:\\Users\\Bryan\\anaconda3\\envs\\ml-agent-4.0\\Scripts\\mlagents-learn ./trainer_config.yaml --run-id simpleAgent_01",
        "mlagents_version": "0.18.0",
        "mlagents_envs_version": "0.18.0",
        "communication_protocol_version": "1.0.0",
        "tensorflow_version": "2.2.0",
        "end_time_seconds": "1615393749"
    },
    "total": 1457.9974092,
    "count": 1,
    "self": 0.05922400000008565,
    "children": {
        "run_training.setup": {
            "total": 0.005321399999999921,
            "count": 1,
            "self": 0.005321399999999921
        },
        "TrainerController.start_learning": {
            "total": 1457.9328638,
            "count": 1,
            "self": 14.424619600012875,
            "children": {
                "TrainerController._reset_env": {
                    "total": 6.4632497,
                    "count": 1,
                    "self": 6.4632497
                },
                "TrainerController.advance": {
                    "total": 1436.534586099987,
                    "count": 20201,
                    "self": 0.28077519998896605,
                    "children": {
                        "env_step": {
                            "total": 1436.2538108999981,
                            "count": 20201,
                            "self": 1413.3461749999892,
                            "children": {
                                "SubprocessEnvManager._take_step": {
                                    "total": 22.659657699999258,
                                    "count": 20201,
                                    "self": 1.3244557000039734,
                                    "children": {
                                        "NNPolicy.evaluate": {
                                            "total": 21.335201999995284,
                                            "count": 20201,
                                            "self": 21.335201999995284
                                        }
                                    }
                                },
                                "workers": {
                                    "total": 0.24797820000955362,
                                    "count": 20200,
                                    "self": 0.0,
                                    "children": {
                                        "worker_root": {
                                            "total": 1449.4839597000196,
                                            "count": 20200,
                                            "is_parallel": true,
                                            "self": 291.10297570002786,
                                            "children": {
                                                "steps_from_proto": {
                                                    "total": 0.0009746999999995509,
                                                    "count": 1,
                                                    "is_parallel": true,
                                                    "self": 0.00024399999999946687,
                                                    "children": {
                                                        "_process_vector_observation": {
                                                            "total": 0.0007307000000000841,
                                                            "count": 2,
                                                            "is_parallel": true,
                                                            "self": 0.0007307000000000841
                                                        }
                                                    }
                                                },
                                                "UnityEnvironment.step": {
                                                    "total": 1158.3800092999918,
                                                    "count": 20200,
                                                    "is_parallel": true,
                                                    "self": 5.427184099981105,
                                                    "children": {
                                                        "UnityEnvironment._generate_step_input": {
                                                            "total": 10.271250200000697,
                                                            "count": 20200,
                                                            "is_parallel": true,
                                                            "self": 10.271250200000697
                                                        },
                                                        "communicator.exchange": {
                                                            "total": 1121.7391495000022,
                                                            "count": 20200,
                                                            "is_parallel": true,
                                                            "self": 1121.7391495000022
                                                        },
                                                        "steps_from_proto": {
                                                            "total": 20.942425500007847,
                                                            "count": 20200,
                                                            "is_parallel": true,
                                                            "self": 5.088226599998048,