{
    "name": "root",
    "gauges": {
        "Goober.Policy.Entropy.mean": {
            "value": 1.4172192811965942,
            "min": 1.4172192811965942,
            "max": 1.4189382791519165,
            "count": 4
        },
        "Goober.Environment.EpisodeLength.mean": {
            "value": 99.0,
            "min": 99.0,
            "max": 99.0,
            "count": 4
        },
        "Goober.Policy.ExtrinsicValueEstimate.mean": {
            "value": 0.09902389347553253,
            "min": 0.09902389347553253,
            "max": 0.41657960414886475,
            "count": 4
        },
        "Goober.Environment.CumulativeReward.mean": {
            "value": -97.6950001490116,
            "min": -112.83899973869323,
            "max": -95.49494929385908,
            "count": 4
        },
        "Goober.Policy.ExtrinsicReward.mean": {
            "value": -97.6950001490116,
            "min": -112.83899973869323,
            "max": -95.49494929385908,
            "count": 4
        },
        "Goober.IsTraining.mean": {
            "value": 1.0,
            "min": 1.0,
            "max": 1.0,
            "count": 4
        },
        "Goober.Losses.ValueLoss.mean": {
            "value": 1027.984619140625,
            "min": 1027.984619140625,
            "max": 1027.984619140625,
            "count": 1
        },
        "Goober.Losses.PolicyLoss.mean": {
            "value": 0.01651691272854805,
            "min": 0.01651691272854805,
            "max": 0.01651691272854805,
            "count": 1
        },
        "Goober.Policy.LearningRate.mean": {
            "value": 0.0002997799892909825,
            "min": 0.0002997799892909825,
            "max": 0.0002997799892909825,
            "count": 1
        },
        "Goober.Policy.Epsilon.mean": {
            "value": 0.1999267041683197,
            "min": 0.1999267041683197,
            "max": 0.1999267041683197,
            "count": 1
        },
        "Goober.Policy.Beta.mean": {
            "value": 0.0049963416531682014,
            "min": 0.0049963416531682014,
            "max": 0.0049963416531682014,
            "count": 1
        }
    },
    "metadata": {
        "timer_format_version": "0.1.0",
        "start_time_seconds": "1617060103",
        "python_version": "3.7.7 (default, May  6 2020, 11:45:54) [MSC v.1916 64 bit (AMD64)]",
        "command_line_arguments": "C:\\Users\\Bryan\\anaconda3\\envs\\ml-agent-4.0\\Scripts\\mlagents-learn ./trainer_config.yaml --run-id 3292021_01",
        "mlagents_version": "0.18.0",
        "mlagents_envs_version": "0.18.0",
        "communication_protocol_version": "1.0.0",
        "tensorflow_version": "2.2.0",
        "end_time_seconds": "1617060473"
    },
    "total": 370.30593070000003,
    "count": 1,
    "self": 0.00704710000002251,
    "children": {
        "run_training.setup": {
            "total": 0.0058842999999999535,
            "count": 1,
            "self": 0.0058842999999999535
        },
        "TrainerController.start_learning": {
            "total": 370.2929993,
            "count": 1,
            "self": 1.579203500001256,
            "children": {
                "TrainerController._reset_env": {
                    "total": 6.685944500000001,
                    "count": 1,
                    "self": 6.685944500000001
                },
                "TrainerController.advance": {
                    "total": 361.69263019999875,
                    "count": 937,
                    "self": 0.012562899999181809,
                    "children": {
                        "env_step": {
                            "total": 361.68006729999956,
                            "count": 937,
                            "self": 360.97469069999886,
                            "children": {
                                "SubprocessEnvManager._take_step": {
                                    "total": 0.6946082000003493,
                                    "count": 937,
                                    "self": 0.04503080000045401,
                                    "children": {
                                        "NNPolicy.evaluate": {
                                            "total": 0.6495773999998953,
                                            "count": 937,
                                            "self": 0.6495773999998953
                                        }
                                    }
                                },
                                "workers": {
                                    "total": 0.010768400000356948,
                                    "count": 936,
                                    "self": 0.0,
                                    "children": {
                                        "worker_root": {
                                            "total": 362.83670529999864,
                                            "count": 936,
                                            "is_parallel": true,
                                            "self": 7.939409999997736,
                                            "children": {
                                                "steps_from_proto": {
                                                    "total": 0.001338999999999757,
                                                    "count": 1,
                                                    "is_parallel": true,
                                                    "self": 0.00012019999999957065,
                                                    "children": {
                                                        "_process_vector_observation": {
                                                            "total": 0.0012188000000001864,
                                                            "count": 4,
                                                            "is_parallel": true,
                                                            "self": 0.0012188000000001864
                                                        }
                                                    }
                                                },
                                                "UnityEnvironment.step": {
                                                    "total": 354.89595630000093,
                                                    "count": 936,
                                                    "is_parallel": true,
                                                    "self": 0.3219505000014351,
                                                    "children": {
                                                        "UnityEnvironment._generate_step_input": {
                                                            "total": 0.31334299999921456,
                                                            "count": 936,
                                                            "is_parallel": true,
                                                            "self": 0.31334299999921456
                                                        },
                                                        "communicator.exchange": {
                                                            "total": 352.98524480000015,
                                                            "count": 936,
                                                            "is_parallel": true,
                                                            "self": 352.98524480000015
                                                        },
                                                        "steps_from_proto": {
                                                            "total": 1.2754180000000979,
                                                            "count": 936,
                                                            "is_parallel": true,
                                                            "self": 0.11491220000095836,