Steps,Policy/Entropy,Environment/Episode Length,Policy/Extrinsic Value Estimate,Environment/Cumulative Reward,Policy/Extrinsic Reward,Is Training
10000,1.4189383,99.0,0.41398573,-95.49494929385908,-95.49494929385908,1.0
20000,1.4189383,99.0,0.4165796,-99.8310000550747,-99.8310000550747,1.0
30000,1.4180787,99.0,0.19205336,-112.83899973869323,-112.83899973869323,1.0
40000,1.4172193,99.0,0.09902389,-97.6950001490116,-97.6950001490116,1.0
