{
    "name": "root",
    "gauges": {
        "Goober.Policy.Entropy.mean": {
            "value": 0.30831828713417053,
            "min": 0.30831795930862427,
            "max": 1.418938398361206,
            "count": 2999
        },
        "Goober.Environment.EpisodeLength.mean": {
            "value": 99.0,
            "min": 99.0,
            "max": 99.0,
            "count": 3001
        },
        "Goober.Policy.ExtrinsicValueEstimate.mean": {
            "value": 753.41064453125,
            "min": 0.9016973376274109,
            "max": 841.501708984375,
            "count": 3001
        },
        "Goober.Environment.CumulativeReward.mean": {
            "value": 2224.8539912706615,
            "min": 0.5359999907016754,
            "max": 2583.9199991446735,
            "count": 3001
        },
        "Goober.Policy.ExtrinsicReward.mean": {
            "value": 2224.8539912706615,
            "min": 0.5359999907016754,
            "max": 2583.9199991446735,
            "count": 3001
        },
        "Goober.IsTraining.mean": {
            "value": 0.0,
            "min": 0.0,
            "max": 1.0,
            "count": 3001
        },
        "Goober.Losses.ValueLoss.mean": {
            "value": 259956.6875,
            "min": 11.705350875854492,
            "max": 384460.8125,
            "count": 1364
        },
        "Goober.Losses.PolicyLoss.mean": {
            "value": 0.017601363360881805,
            "min": 0.009952949360013008,
            "max": 0.026910411193966866,
            "count": 1364
        },
        "Goober.Policy.LearningRate.mean": {
            "value": 1.201019870222808e-07,
            "min": 1.201019870222808e-07,
            "max": 0.0002997799892909825,
            "count": 1364
        },
        "Goober.Policy.Epsilon.mean": {
            "value": 0.10003998875617981,
            "min": 0.10003998875617981,
            "max": 0.1999267041683197,
            "count": 1364
        },
        "Goober.Policy.Beta.mean": {
            "value": 1.1996035937045235e-05,
            "min": 1.1996035937045235e-05,
            "max": 0.0049963416531682014,
            "count": 1364
        }
    },
    "metadata": {
        "timer_format_version": "0.1.0",
        "start_time_seconds": "1615780653",
        "python_version": "3.7.7 (default, May  6 2020, 11:45:54) [MSC v.1916 64 bit (AMD64)]",
        "command_line_arguments": "C:\\Users\\Bryan\\anaconda3\\envs\\ml-agent-4.0\\Scripts\\mlagents-learn ./trainer_config.yaml --run-id 3142020_8",
        "mlagents_version": "0.18.0",
        "mlagents_envs_version": "0.18.0",
        "communication_protocol_version": "1.0.0",
        "tensorflow_version": "2.2.0",
        "end_time_seconds": "1615794516"
    },
    "total": 13862.651757500002,
    "count": 1,
    "self": 0.25922320000245236,
    "children": {
        "run_training.setup": {
            "total": 0.006391400000000047,
            "count": 1,
            "self": 0.006391400000000047
        },
        "TrainerController.start_learning": {
            "total": 13862.386142899999,
            "count": 1,
            "self": 109.32170010005757,
            "children": {
                "TrainerController._reset_env": {
                    "total": 7.3006007,
                    "count": 1,
                    "self": 7.3006007
                },
                "TrainerController.advance": {
                    "total": 13745.46745519994,
                    "count": 150100,
                    "self": 2.4993062999565154,
                    "children": {
                        "env_step": {
                            "total": 13742.968148899983,
                            "count": 150100,
                            "self": 13507.155108299996,
                            "children": {
                                "SubprocessEnvManager._take_step": {
                                    "total": 233.8383574001983,
                                    "count": 150100,
                                    "self": 21.170497800308482,
                                    "children": {
                                        "NNPolicy.evaluate": {
                                            "total": 212.66785959988982,
                                            "count": 150100,
                                            "self": 212.66785959988982
                                        }
                                    }
                                },
                                "workers": {
                                    "total": 1.9746831997888492,
                                    "count": 150100,
                                    "self": 0.0,
                                    "children": {
                                        "worker_root": {
                                            "total": 13848.920906800067,
                                            "count": 150100,
                                            "is_parallel": true,
                                            "self": 5929.362358299861,
                                            "children": {
                                                "steps_from_proto": {
                                                    "total": 0.006534799999999841,
                                                    "count": 1,
                                                    "is_parallel": true,
                                                    "self": 0.00042420000000120694,
                                                    "children": {
                                                        "_process_vector_observation": {
                                                            "total": 0.006110599999998634,
                                                            "count": 4,
                                                            "is_parallel": true,
                                                            "self": 0.006110599999998634
                                                        }
                                                    }
                                                },
                                                "UnityEnvironment.step": {
                                                    "total": 7919.552013700207,
                                                    "count": 150100,
                                                    "is_parallel": true,
                                                    "self": 212.47619329958889,
                                                    "children": {
                                                        "UnityEnvironment._generate_step_input": {
                                                            "total": 204.29471080012655,
                                                            "count": 150100,
                                                            "is_parallel": true,
                                                            "self": 204.29471080012655
                                                        },
                                                        "communicator.exchange": {
                                                            "total": 6560.3870491003645,
                                                            "count": 150100,
                                                            "is_parallel": true,
                                                            "self": 6560.3870491003645
                                                        },
                                                        "steps_from_proto": {
                                                            "total": 942.3940605001274,
                                                            "count": 150100,
                                                            "is_parallel": true,
                                                            "self": 50.299685699894894,