{
    "name": "root",
    "gauges": {
        "Goober.Policy.Entropy.mean": {
            "value": 1.4154196977615356,
            "min": 1.4154196977615356,
            "max": 1.421377182006836,
            "count": 12
        },
        "Goober.Environment.EpisodeLength.mean": {
            "value": 99.0,
            "min": 99.0,
            "max": 99.0,
            "count": 16
        },
        "Goober.Policy.ExtrinsicValueEstimate.mean": {
            "value": -0.9453906416893005,
            "min": -1.5437567234039307,
            "max": -0.8421609997749329,
            "count": 16
        },
        "Goober.Environment.CumulativeReward.mean": {
            "value": 0.1025,
            "min": 0.025252525252525252,
            "max": 0.1625,
            "count": 16
        },
        "Goober.Policy.ExtrinsicReward.mean": {
            "value": 0.1025,
            "min": 0.025252525252525252,
            "max": 0.1625,
            "count": 16
        },
        "Goober.IsTraining.mean": {
            "value": 1.0,
            "min": 1.0,
            "max": 1.0,
            "count": 16
        },
        "Goober.Losses.ValueLoss.mean": {
            "value": 0.47715654969215393,
            "min": 0.12574580311775208,
            "max": 3.051109790802002,
            "count": 7
        },
        "Goober.Losses.PolicyLoss.mean": {
            "value": 0.027993300929665565,
            "min": 0.012667076662182808,
            "max": 0.04072503745555878,
            "count": 7
        },
        "Goober.Policy.LearningRate.mean": {
            "value": 0.0002984600141644478,
            "min": 0.0002984600141644478,
            "max": 0.0002997799892909825,
            "count": 7
        },
        "Goober.Policy.Epsilon.mean": {
            "value": 0.19948668777942657,
            "min": 0.19948668777942657,
            "max": 0.1999267041683197,
            "count": 7
        },
        "Goober.Policy.Beta.mean": {
            "value": 0.00497438432648778,
            "min": 0.00497438432648778,
            "max": 0.0049963416531682014,
            "count": 7
        }
    },
    "metadata": {
        "timer_format_version": "0.1.0",
        "start_time_seconds": "1614647625",
        "python_version": "3.7.7 (default, May  6 2020, 11:45:54) [MSC v.1916 64 bit (AMD64)]",
        "command_line_arguments": "C:\\Users\\Bryan\\anaconda3\\envs\\ml-agent-4.0\\Scripts\\mlagents-learn ./trainer_config.yaml --run-id adversary_01",
        "mlagents_version": "0.18.0",
        "mlagents_envs_version": "0.18.0",
        "communication_protocol_version": "1.0.0",
        "tensorflow_version": "2.2.0",
        "end_time_seconds": "1614647711"
    },
    "total": 85.70206280000001,
    "count": 1,
    "self": 0.00420770000000914,
    "children": {
        "run_training.setup": {
            "total": 0.005343199999999992,
            "count": 1,
            "self": 0.005343199999999992
        },
        "TrainerController.start_learning": {
            "total": 85.6925119,
            "count": 1,
            "self": 1.6626705000001323,
            "children": {
                "TrainerController._reset_env": {
                    "total": 5.3204478,
                    "count": 1,
                    "self": 5.3204478
                },
                "TrainerController.advance": {
                    "total": 78.16594189999986,
                    "count": 1011,
                    "self": 0.014819000000017013,
                    "children": {
                        "env_step": {
                            "total": 78.15112289999985,
                            "count": 1011,
                            "self": 77.09078590000011,
                            "children": {
                                "SubprocessEnvManager._take_step": {
                                    "total": 1.0485349000000692,
                                    "count": 1011,
                                    "self": 0.10588980000012782,
                                    "children": {
                                        "NNPolicy.evaluate": {
                                            "total": 0.9426450999999414,
                                            "count": 1011,
                                            "self": 0.9426450999999414
                                        }
                                    }
                                },
                                "workers": {
                                    "total": 0.011802099999664861,
                                    "count": 1010,
                                    "self": 0.0,
                                    "children": {
                                        "worker_root": {
                                            "total": 79.57705640000005,
                                            "count": 1010,
                                            "is_parallel": true,
                                            "self": 31.423456000000122,
                                            "children": {
                                                "steps_from_proto": {
                                                    "total": 0.0019327999999996237,
                                                    "count": 1,
                                                    "is_parallel": true,
                                                    "self": 0.0002288999999997543,
                                                    "children": {
                                                        "_process_vector_observation": {
                                                            "total": 0.0017038999999998694,
                                                            "count": 2,
                                                            "is_parallel": true,
                                                            "self": 0.0017038999999998694
                                                        }
                                                    }
                                                },
                                                "UnityEnvironment.step": {
                                                    "total": 48.151667599999925,
                                                    "count": 1010,
                                                    "is_parallel": true,
                                                    "self": 0.5397899000001658,
                                                    "children": {
                                                        "UnityEnvironment._generate_step_input": {
                                                            "total": 0.9463434999998066,
                                                            "count": 1010,
                                                            "is_parallel": true,
                                                            "self": 0.9463434999998066
                                                        },
                                                        "communicator.exchange": {
                                                            "total": 44.56761479999979,
                                                            "count": 1010,
                                                            "is_parallel": true,
                                                            "self": 44.56761479999979
                                                        },
                                                        "steps_from_proto": {
                                                            "total": 2.0979194000001637,
                                                            "count": 1010,
                                                            "is_parallel": true,
                                                            "self": 0.21724230000007605,