{
    "name": "root",
    "gauges": {
        "Goober.Policy.Entropy.mean": {
            "value": 2.7552309036254883,
            "min": 2.7552309036254883,
            "max": 2.772472858428955,
            "count": 6
        },
        "Goober.Environment.EpisodeLength.mean": {
            "value": 99.0,
            "min": 99.0,
            "max": 99.0,
            "count": 6
        },
        "Goober.Policy.ExtrinsicValueEstimate.mean": {
            "value": -0.5040087103843689,
            "min": -0.5040087103843689,
            "max": 0.12077447026968002,
            "count": 6
        },
        "Goober.Environment.CumulativeReward.mean": {
            "value": -15.155,
            "min": -18.575,
            "max": -15.155,
            "count": 6
        },
        "Goober.Policy.ExtrinsicReward.mean": {
            "value": -15.155,
            "min": -18.575,
            "max": -15.155,
            "count": 6
        },
        "Goober.IsTraining.mean": {
            "value": 1.0,
            "min": 1.0,
            "max": 1.0,
            "count": 6
        },
        "Goober.Losses.ValueLoss.mean": {
            "value": 31.206809997558594,
            "min": 29.15814208984375,
            "max": 31.206809997558594,
            "count": 2
        },
        "Goober.Losses.PolicyLoss.mean": {
            "value": 0.016538359224796295,
            "min": 0.016538359224796295,
            "max": 0.016583973541855812,
            "count": 2
        },
        "Goober.Policy.LearningRate.mean": {
            "value": 0.0002995850227307528,
            "min": 0.0002995850227307528,
            "max": 0.0002997900010086596,
            "count": 2
        },
        "Goober.Policy.Epsilon.mean": {
            "value": 0.19986166059970856,
            "min": 0.19986166059970856,
            "max": 0.19993004202842712,
            "count": 2
        },
        "Goober.Policy.Beta.mean": {
            "value": 0.004993096925318241,
            "min": 0.004993096925318241,
            "max": 0.004996507428586483,
            "count": 2
        }
    },
    "metadata": {
        "timer_format_version": "0.1.0",
        "start_time_seconds": "1615394503",
        "python_version": "3.7.7 (default, May  6 2020, 11:45:54) [MSC v.1916 64 bit (AMD64)]",
        "command_line_arguments": "C:\\Users\\Bryan\\anaconda3\\envs\\ml-agent-4.0\\Scripts\\mlagents-learn ./trainer_config.yaml --run-id simpleAgent_03",
        "mlagents_version": "0.18.0",
        "mlagents_envs_version": "0.18.0",
        "communication_protocol_version": "1.0.0",
        "tensorflow_version": "2.2.0",
        "end_time_seconds": "1615394561"
    },
    "total": 58.1394578,
    "count": 1,
    "self": 0.005304299999998818,
    "children": {
        "run_training.setup": {
            "total": 0.018137999999999987,
            "count": 1,
            "self": 0.018137999999999987
        },
        "TrainerController.start_learning": {
            "total": 58.1160155,
            "count": 1,
            "self": 2.3180211000001023,
            "children": {
                "TrainerController._reset_env": {
                    "total": 5.6215127,
                    "count": 1,
                    "self": 5.6215127
                },
                "TrainerController.advance": {
                    "total": 49.70716269999989,
                    "count": 834,
                    "self": 0.011612300000074072,
                    "children": {
                        "env_step": {
                            "total": 49.69555039999982,
                            "count": 834,
                            "self": 48.771779299999835,
                            "children": {
                                "SubprocessEnvManager._take_step": {
                                    "total": 0.9140661999999864,
                                    "count": 834,
                                    "self": 0.053386799999996626,
                                    "children": {
                                        "NNPolicy.evaluate": {
                                            "total": 0.8606793999999898,
                                            "count": 834,
                                            "self": 0.8606793999999898
                                        }
                                    }
                                },
                                "workers": {
                                    "total": 0.009704899999993799,
                                    "count": 833,
                                    "self": 0.0,
                                    "children": {
                                        "worker_root": {
                                            "total": 51.74870270000005,
                                            "count": 833,
                                            "is_parallel": true,
                                            "self": 11.457910300000115,
                                            "children": {
                                                "steps_from_proto": {
                                                    "total": 0.0016214999999997204,
                                                    "count": 1,
                                                    "is_parallel": true,
                                                    "self": 0.0004386999999992369,
                                                    "children": {
                                                        "_process_vector_observation": {
                                                            "total": 0.0011828000000004835,
                                                            "count": 2,
                                                            "is_parallel": true,
                                                            "self": 0.0011828000000004835
                                                        }
                                                    }
                                                },
                                                "UnityEnvironment.step": {
                                                    "total": 40.28917089999994,
                                                    "count": 833,
                                                    "is_parallel": true,
                                                    "self": 0.19481269999987916,
                                                    "children": {
                                                        "UnityEnvironment._generate_step_input": {
                                                            "total": 0.3868627999999683,
                                                            "count": 833,
                                                            "is_parallel": true,
                                                            "self": 0.3868627999999683
                                                        },
                                                        "communicator.exchange": {
                                                            "total": 38.95698770000002,
                                                            "count": 833,
                                                            "is_parallel": true,
                                                            "self": 38.95698770000002
                                                        },
                                                        "steps_from_proto": {
                                                            "total": 0.7505077000000684,
                                                            "count": 833,
                                                            "is_parallel": true,
                                                            "self": 0.20059570000009064,