Steps,Policy/Entropy,Environment/Episode Length,Policy/Extrinsic Value Estimate,Environment/Cumulative Reward,Policy/Extrinsic Reward,Is Training
10000,1.4189383,99.0,-0.3350378,-0.8696969759584677,-0.8696969759584677,1.0
20000,1.4189384,99.0,-0.30238524,-0.30600000023841856,-0.30600000023841856,1.0
30000,1.4189383,99.0,-0.30335158,-0.7929999935626983,-0.7929999935626983,1.0
40000,1.4193879,99.0,-0.35702142,-1.0059999892115592,-1.0059999892115592,1.0
50000,1.4193879,99.0,-0.38337457,-0.2520000076293945,-0.2520000076293945,1.0
60000,None,99.0,-0.40362567,-0.7210000270605087,-0.7210000270605087,1.0
