{
    "name": "root",
    "gauges": {
        "Goober.Policy.Entropy.mean": {
            "value": 1.130147099494934,
            "min": 1.1244447231292725,
            "max": 1.2096805572509766,
            "count": 1010
        },
        "Goober.Environment.EpisodeLength.mean": {
            "value": 99.0,
            "min": 99.0,
            "max": 99.0,
            "count": 1010
        },
        "Goober.Policy.ExtrinsicValueEstimate.mean": {
            "value": -0.037063587456941605,
            "min": -1.3046337366104126,
            "max": 5.209324836730957,
            "count": 1010
        },
        "Goober.Environment.CumulativeReward.mean": {
            "value": 1.0240000975131989,
            "min": -5.928999829292297,
            "max": 3.617000004053116,
            "count": 1010
        },
        "Goober.Policy.ExtrinsicReward.mean": {
            "value": 1.0240000975131989,
            "min": -5.928999829292297,
            "max": 3.617000004053116,
            "count": 1010
        },
        "Goober.IsTraining.mean": {
            "value": 1.0,
            "min": 1.0,
            "max": 1.0,
            "count": 1010
        },
        "Goober.Losses.ValueLoss.mean": {
            "value": 12.931872367858887,
            "min": 7.251718521118164,
            "max": 23.435340881347656,
            "count": 459
        },
        "Goober.Losses.PolicyLoss.mean": {
            "value": 0.016485754400491714,
            "min": 0.009983319789171219,
            "max": 0.02420140616595745,
            "count": 459
        },
        "Goober.Policy.LearningRate.mean": {
            "value": 0.00017450007726438344,
            "min": 0.00017450007726438344,
            "max": 0.0002751800639089197,
            "count": 459
        },
        "Goober.Policy.Epsilon.mean": {
            "value": 0.15816670656204224,
            "min": 0.15816670656204224,
            "max": 0.1917266696691513,
            "count": 459
        },
        "Goober.Policy.Beta.mean": {
            "value": 0.0029125164728611708,
            "min": 0.0029125164728611708,
            "max": 0.004587159957736731,
            "count": 459
        }
    },
    "metadata": {
        "timer_format_version": "0.1.0",
        "start_time_seconds": "1615831586",
        "python_version": "3.7.7 (default, May  6 2020, 11:45:54) [MSC v.1916 64 bit (AMD64)]",
        "command_line_arguments": "C:\\Users\\Bryan\\anaconda3\\envs\\ml-agent-4.0\\Scripts\\mlagents-learn ./trainer_config.yaml --run-id 3152020_02 --resume",
        "mlagents_version": "0.18.0",
        "mlagents_envs_version": "0.18.0",
        "communication_protocol_version": "1.0.0",
        "tensorflow_version": "2.2.0",
        "end_time_seconds": "1615837505"
    },
    "total": 5919.5802324999995,
    "count": 1,
    "self": 0.004032899999401707,
    "children": {
        "run_training.setup": {
            "total": 0.005468000000000028,
            "count": 1,
            "self": 0.005468000000000028
        },
        "TrainerController.start_learning": {
            "total": 5919.5707316,
            "count": 1,
            "self": 57.64855950005676,
            "children": {
                "TrainerController._reset_env": {
                    "total": 5.4394651,
                    "count": 1,
                    "self": 5.4394651
                },
                "TrainerController.advance": {
                    "total": 5856.383308499942,
                    "count": 84201,
                    "self": 1.2183484999559369,
                    "children": {
                        "env_step": {
                            "total": 5855.164959999986,
                            "count": 84201,
                            "self": 5748.4844319000085,
                            "children": {
                                "SubprocessEnvManager._take_step": {
                                    "total": 105.61877260003276,
                                    "count": 84201,
                                    "self": 7.6946905000061605,
                                    "children": {
                                        "NNPolicy.evaluate": {
                                            "total": 97.9240821000266,
                                            "count": 84201,
                                            "self": 97.9240821000266
                                        }
                                    }
                                },
                                "workers": {
                                    "total": 1.0617554999450292,
                                    "count": 84200,
                                    "self": 0.0,
                                    "children": {
                                        "worker_root": {
                                            "total": 5867.8407164000255,
                                            "count": 84200,
                                            "is_parallel": true,
                                            "self": 1886.088367900114,
                                            "children": {
                                                "steps_from_proto": {
                                                    "total": 0.0031074999999995967,
                                                    "count": 1,
                                                    "is_parallel": true,
                                                    "self": 0.0001943000000004247,
                                                    "children": {
                                                        "_process_vector_observation": {
                                                            "total": 0.002913199999999172,
                                                            "count": 4,
                                                            "is_parallel": true,
                                                            "self": 0.002913199999999172
                                                        }
                                                    }
                                                },
                                                "UnityEnvironment.step": {
                                                    "total": 3981.7492409999113,
                                                    "count": 84200,
                                                    "is_parallel": true,
                                                    "self": 67.49711839996462,
                                                    "children": {
                                                        "UnityEnvironment._generate_step_input": {
                                                            "total": 64.1207280999409,
                                                            "count": 84200,
                                                            "is_parallel": true,
                                                            "self": 64.1207280999409
                                                        },
                                                        "communicator.exchange": {
                                                            "total": 3550.241672299932,
                                                            "count": 84200,
                                                            "is_parallel": true,
                                                            "self": 3550.241672299932
                                                        },
                                                        "steps_from_proto": {
                                                            "total": 299.8897222000736,
                                                            "count": 84200,
                                                            "is_parallel": true,
                                                            "self": 17.94008850013472,