{
    "name": "root",
    "metadata": {
        "timer_format_version": "0.1.0",
        "start_time_seconds": "1614650555",
        "python_version": "3.7.7 (default, May  6 2020, 11:45:54) [MSC v.1916 64 bit (AMD64)]",
        "command_line_arguments": "C:\\Users\\Bryan\\anaconda3\\envs\\ml-agent-4.0\\Scripts\\mlagents-learn ./trainer_config.yaml --run-id adversary_03",
        "mlagents_version": "0.18.0",
        "mlagents_envs_version": "0.18.0",
        "communication_protocol_version": "1.0.0",
        "tensorflow_version": "2.2.0",
        "end_time_seconds": "1614651158"
    },
    "total": 602.6038987000001,
    "count": 1,
    "self": 0.007442400000059024,
    "children": {
        "run_training.setup": {
            "total": 0.023751600000000206,
            "count": 1,
            "self": 0.023751600000000206
        },
        "TrainerController.start_learning": {
            "total": 602.5727047,
            "count": 1,
            "self": 7.2248360999985834,
            "children": {
                "TrainerController._reset_env": {
                    "total": 16.818313699999997,
                    "count": 1,
                    "self": 16.818313699999997
                },
                "TrainerController.advance": {
                    "total": 578.2128611000014,
                    "count": 8541,
                    "self": 0.12438240000221867,
                    "children": {
                        "env_step": {
                            "total": 578.0884786999992,
                            "count": 8541,
                            "self": 568.8788833999923,
                            "children": {
                                "SubprocessEnvManager._take_step": {
                                    "total": 9.10219100000577,
                                    "count": 8541,
                                    "self": 0.748811200002379,
                                    "children": {
                                        "NNPolicy.evaluate": {
                                            "total": 8.353379800003392,
                                            "count": 8541,
                                            "self": 8.353379800003392
                                        }
                                    }
                                },
                                "workers": {
                                    "total": 0.10740430000113577,
                                    "count": 8540,
                                    "self": 0.0,
                                    "children": {
                                        "worker_root": {
                                            "total": 525.0820609000007,
                                            "count": 8540,
                                            "is_parallel": true,
                                            "self": 188.87834340000074,
                                            "children": {
                                                "steps_from_proto": {
                                                    "total": 0.004520199999998198,
                                                    "count": 1,
                                                    "is_parallel": true,
                                                    "self": 0.0004079999999966333,
                                                    "children": {
                                                        "_process_vector_observation": {
                                                            "total": 0.004112200000001565,
                                                            "count": 2,
                                                            "is_parallel": true,
                                                            "self": 0.004112200000001565
                                                        }
                                                    }
                                                },
                                                "UnityEnvironment.step": {
                                                    "total": 336.1991972999999,
                                                    "count": 8540,
                                                    "is_parallel": true,
                                                    "self": 3.710994099998345,
                                                    "children": {
                                                        "UnityEnvironment._generate_step_input": {
                                                            "total": 6.472557299999963,
                                                            "count": 8540,
                                                            "is_parallel": true,
                                                            "self": 6.472557299999963
                                                        },
                                                        "communicator.exchange": {
                                                            "total": 311.9837887000021,
                                                            "count": 8540,
                                                            "is_parallel": true,
                                                            "self": 311.9837887000021
                                                        },
                                                        "steps_from_proto": {
                                                            "total": 14.031857199999529,
                                                            "count": 8540,
                                                            "is_parallel": true,
                                                            "self": 1.581577599998628,
                                                            "children": {
                                                                "_process_vector_observation": {
                                                                    "total": 12.4502796000009,
                                                                    "count": 17080,
                                                                    "is_parallel": true,
                                                                    "self": 12.4502796000009
                                                                }
                                                            }
                                                        }
                                                    }
                                                }
                                            }
                                        }
                                    }
                                }
                            }
                        }
                    }
                },
                "TrainerController._save_model": {
                    "total": 0.31669380000005276,
                    "count": 1,
                    "self": 0.00020630000005894544,
                    "children": {
                        "Trainer.save_model": {
                            "total": 0.3164874999999938,
                            "count": 1,
                            "self": 0.3164874999999938
                        }
                    }
                }
            }
        }
    }
}