Steps,Policy/Entropy,Environment/Episode Length,Policy/Extrinsic Value Estimate,Environment/Cumulative Reward,Policy/Extrinsic Reward,Is Training
10000,2.7724729,99.0,0.12077447,-16.984848484848484,-16.984848484848484,1.0
20000,2.7724664,99.0,0.09435152,-16.255,-16.255,1.0
30000,2.7671814,99.0,-0.09881618,-18.21,-18.21,1.0
40000,2.7664342,99.0,-0.10975334,-18.575,-18.575,1.0
50000,2.7560115,99.0,-0.45890722,-17.165,-17.165,1.0
60000,2.755231,99.0,-0.5040087,-15.155,-15.155,1.0
