{
    "name": "root",
    "gauges": {
        "Goober.Policy.Entropy.mean": {
            "value": 0.8767041563987732,
            "min": 0.8762868046760559,
            "max": 1.420719861984253,
            "count": 1258
        },
        "Goober.Environment.EpisodeLength.mean": {
            "value": 99.0,
            "min": 99.0,
            "max": 99.0,
            "count": 2097
        },
        "Goober.Policy.ExtrinsicValueEstimate.mean": {
            "value": 0.14734922349452972,
            "min": -0.45236578583717346,
            "max": 0.6622390747070312,
            "count": 2097
        },
        "Goober.Environment.CumulativeReward.mean": {
            "value": 0.18799999713897705,
            "min": -0.8210000121593475,
            "max": 0.4199999952316284,
            "count": 2097
        },
        "Goober.Policy.ExtrinsicReward.mean": {
            "value": 0.18799999713897705,
            "min": -0.8210000121593475,
            "max": 0.4199999952316284,
            "count": 2097
        },
        "Goober.IsTraining.mean": {
            "value": 1.0,
            "min": 1.0,
            "max": 1.0,
            "count": 2097
        },
        "Goober.Losses.ValueLoss.mean": {
            "value": 0.02879917621612549,
            "min": 0.016193443909287453,
            "max": 0.5368242859840393,
            "count": 990
        },
        "Goober.Losses.PolicyLoss.mean": {
            "value": 0.016014626249670982,
            "min": 0.010302756913006306,
            "max": 0.025192439556121826,
            "count": 990
        },
        "Goober.Policy.LearningRate.mean": {
            "value": 9.050009248312563e-05,
            "min": 9.050009248312563e-05,
            "max": 0.0002997799892909825,
            "count": 990
        },
        "Goober.Policy.Epsilon.mean": {
            "value": 0.130166694521904,
            "min": 0.130166694521904,
            "max": 0.1999267041683197,
            "count": 990
        },
        "Goober.Policy.Beta.mean": {
            "value": 0.0015153168933466077,
            "min": 0.0015153168933466077,
            "max": 0.0049963416531682014,
            "count": 990
        }
    },
    "metadata": {
        "timer_format_version": "0.1.0",
        "start_time_seconds": "1615758727",
        "python_version": "3.7.7 (default, May  6 2020, 11:45:54) [MSC v.1916 64 bit (AMD64)]",
        "command_line_arguments": "C:\\Users\\Bryan\\anaconda3\\envs\\ml-agent-4.0\\Scripts\\mlagents-learn ./trainer_config.yaml --run-id 3142020_01",
        "mlagents_version": "0.18.0",
        "mlagents_envs_version": "0.18.0",
        "communication_protocol_version": "1.0.0",
        "tensorflow_version": "2.2.0",
        "end_time_seconds": "1615767997"
    },
    "total": 9270.257542199999,
    "count": 1,
    "self": 0.01229830000011134,
    "children": {
        "run_training.setup": {
            "total": 0.005266400000000004,
            "count": 1,
            "self": 0.005266400000000004
        },
        "TrainerController.start_learning": {
            "total": 9270.2399775,
            "count": 1,
            "self": 73.17127739988064,
            "children": {
                "TrainerController._reset_env": {
                    "total": 6.047014300000001,
                    "count": 1,
                    "self": 6.047014300000001
                },
                "TrainerController.advance": {
                    "total": 9190.691588400121,
                    "count": 83924,
                    "self": 1.5801623002626002,
                    "children": {
                        "env_step": {
                            "total": 9189.111426099858,
                            "count": 83924,
                            "self": 9061.735744099682,
                            "children": {
                                "SubprocessEnvManager._take_step": {
                                    "total": 126.14996310005834,
                                    "count": 83924,
                                    "self": 16.045281299963463,
                                    "children": {
                                        "NNPolicy.evaluate": {
                                            "total": 110.10468180009488,
                                            "count": 83924,
                                            "self": 110.10468180009488
                                        }
                                    }
                                },
                                "workers": {
                                    "total": 1.2257189001183306,
                                    "count": 83923,
                                    "self": 0.0,
                                    "children": {
                                        "worker_root": {
                                            "total": 9231.105379400065,
                                            "count": 83923,
                                            "is_parallel": true,
                                            "self": 4489.818270199972,
                                            "children": {
                                                "steps_from_proto": {
                                                    "total": 0.002533699999999861,
                                                    "count": 1,
                                                    "is_parallel": true,
                                                    "self": 0.00030989999999953,
                                                    "children": {
                                                        "_process_vector_observation": {
                                                            "total": 0.002223800000000331,
                                                            "count": 2,
                                                            "is_parallel": true,
                                                            "self": 0.002223800000000331
                                                        }
                                                    }
                                                },
                                                "UnityEnvironment.step": {
                                                    "total": 4741.2845755000935,
                                                    "count": 83923,
                                                    "is_parallel": true,
                                                    "self": 77.05010830017454,
                                                    "children": {
                                                        "UnityEnvironment._generate_step_input": {
                                                            "total": 164.95324030008425,
                                                            "count": 83923,
                                                            "is_parallel": true,
                                                            "self": 164.95324030008425
                                                        },
                                                        "communicator.exchange": {
                                                            "total": 4204.558341299926,
                                                            "count": 83923,
                                                            "is_parallel": true,
                                                            "self": 4204.558341299926
                                                        },
                                                        "steps_from_proto": {
                                                            "total": 294.7228855999092,
                                                            "count": 83923,
                                                            "is_parallel": true,
                                                            "self": 36.12834459998743,