{"count":1,"self":351.1558912,"total":1447.963022,"children":{"AgentSendState":{"count":161484,"self":26.774918399999997,"total":260.81010449999997,"children":{"CollectObservations":{"count":3229700,"self":17.4501824,"total":17.4501816,"children":null},"CollectDiscreteActionMasks":{"count":3229700,"self":4.4706348,"total":4.4706348,"children":null},"AgentInfo.ToProto":{"count":3229700,"self":12.3683616,"total":212.11437039999998,"children":{"GenerateSensorData":{"count":3229700,"self":199.74600959999998,"total":199.7460089,"children":null}}}}},"DecideAction":{"count":161484,"self":742.4871936,"total":742.48719599999993,"children":null},"AgentAct":{"count":161484,"self":90.256179199999991,"total":93.5053429,"children":{"AgentInfo.ToProto":{"count":32200,"self":0.1447744,"total":3.2491651,"children":{"GenerateSensorData":{"count":32200,"self":3.1043908,"total":3.1043906999999997,"children":null}}}}},"AgentInfo.ToProto":{"count":100,"self":0.0009949,"total":0.0044913,"children":{"GenerateSensorData":{"count":100,"self":0.0034963999999999998,"total":0.0034963999999999998,"children":null}}}},"gauges":{"Goober.CumulativeReward":{"count":32200,"max":1.5,"min":-158,"runningAverage":-4.45097542,"value":0,"weightedAverage":-0.0445664451}},"metadata":{"timer_format_version":"0.1.0","start_time_seconds":"1615140628","unity_version":"2020.2.2f1","command_line_arguments":"C:\\Program Files\\Unity\\Hub\\Editor\\2020.2.2f1\\Editor\\Unity.exe -projectpath E:\/Repos\/School\/496_RunMan -useHub -hubIPC -cloudEnvironment production -hubSessionId 654fe400-7f5e-11eb-b51d-a3ba91252c45 -accessToken tPjJJzz8aAHUU0RDZC_4gKVrkL-KQAEE9m-xYEoR-0c003f","communication_protocol_version":"1.0.0","com.unity.ml-agents_version":"1.0.6","scene_name":"ConceptLevel","end_time_seconds":"1615142076"}}