{"count":1,"self":360.17472,"total":2831.5233267999997,"children":{"AgentSendState":{"count":114534,"self":51.4953824,"total":1090.7554490999999,"children":{"CollectObservations":{"count":5497680,"self":42.913587199999995,"total":42.913587299999996,"children":null},"CollectDiscreteActionMasks":{"count":5497680,"self":7.6247136,"total":7.6247134,"children":null},"AgentInfo.ToProto":{"count":5497680,"self":24.764423999999998,"total":988.721767,"children":{"GenerateSensorData":{"count":5497680,"self":963.9573504,"total":963.9573423999999,"children":null}}}}},"DecideAction":{"count":114534,"self":1250.5335808,"total":1250.5336296,"children":null},"AgentAct":{"count":114534,"self":119.85436159999999,"total":130.0595327,"children":{"AgentInfo.ToProto":{"count":54960,"self":0.261163,"total":10.2051683,"children":{"GenerateSensorData":{"count":54960,"self":9.9440055999999988,"total":9.9440052999999988,"children":null}}}}}},"gauges":{"Goober.CumulativeReward":{"count":54960,"max":1.99999976,"min":0,"runningAverage":1.44324827,"value":1.5,"weightedAverage":1.60527229}},"metadata":{"timer_format_version":"0.1.0","start_time_seconds":"1614654203","unity_version":"2020.2.2f1","command_line_arguments":"C:\\Program Files\\Unity\\Hub\\Editor\\2020.2.2f1\\Editor\\Unity.exe -projectpath E:\/Repos\/School\/496_RunMan -useHub -hubIPC -cloudEnvironment production -hubSessionId 058d8460-7ab2-11eb-b59f-1ffd8d3f69d6 -accessToken pJgyF_avkAsN1KAMKCLR7KlDy9QABzch90ZiVgMLUZ0003f","communication_protocol_version":"1.0.0","com.unity.ml-agents_version":"1.0.6","scene_name":"TrainingScene_01","end_time_seconds":"1614657033"}}