{"count":1,"self":3576.1229823999997,"total":45820.390366299995,"children":{"AgentSendState":{"count":3000501,"self":216.011008,"total":1631.7886664999999,"children":{"CollectObservations":{"count":30005050,"self":104.25449599999999,"total":104.25449379999999,"children":null},"CollectDiscreteActionMasks":{"count":30005050,"self":27.4865216,"total":27.4865225,"children":null},"AgentInfo.ToProto":{"count":30005050,"self":89.0736512,"total":1284.0366314,"children":{"GenerateSensorData":{"count":30005050,"self":208.47392,"total":1194.9629787,"children":{"RayPerceptionSensor.Perceive":{"count":30005050,"self":986.4890368,"total":986.4890575,"children":null}}}}}}},"DecideAction":{"count":3000501,"self":8501.2652031999987,"total":8501.2648663999989,"children":null},"AgentAct":{"count":3000501,"self":32098.1598208,"total":32111.212693399997,"children":{"AgentInfo.ToProto":{"count":300050,"self":1.6933696,"total":13.0521525,"children":{"GenerateSensorData":{"count":300050,"self":2.9266864,"total":11.3587828,"children":{"RayPerceptionSensor.Perceive":{"count":300050,"self":8.432096,"total":8.4320963,"children":null}}}}}}}},"gauges":{"Goober.CumulativeReward":{"count":300050,"max":6,"min":-727,"runningAverage":-5.3959527,"value":0,"weightedAverage":0.123709224}},"metadata":{"timer_format_version":"0.1.0","start_time_seconds":"1617060503","unity_version":"2020.2.2f1","command_line_arguments":"C:\\Program Files\\Unity\\Hub\\Editor\\2020.2.2f1\\Editor\\Unity.exe -projectpath E:\/Repos\/School\/496_RunMan -useHub -hubIPC -cloudEnvironment production -hubSessionId 1d0513a0-90e3-11eb-9efa-e5f44e31ced2 -accessToken 42gzSVqoZleVFMCCYytrLGxDwoa7nT07x0qm8EqRQ98003f","communication_protocol_version":"1.0.0","com.unity.ml-agents_version":"1.0.6","scene_name":"TrainingScene_04","end_time_seconds":"1617106323"}}