{"count":1,"self":1428.4902399999999,"total":6716.613487,"children":{"AgentSendState":{"count":1300501,"self":80.3295296,"total":1869.0586208999998,"children":{"CollectObservations":{"count":6502525,"self":1721.2704767999999,"total":1721.270534,"children":null},"CollectDiscreteActionMasks":{"count":6502525,"self":9.6834016,"total":9.6834015,"children":null},"AgentInfo.ToProto":{"count":6502525,"self":27.0306496,"total":57.775158499999996,"children":{"GenerateSensorData":{"count":6502525,"self":30.7445088,"total":30.744508699999997,"children":null}}}}},"DecideAction":{"count":1300501,"self":1779.8557696,"total":1779.8557314,"children":null},"AgentAct":{"count":1300501,"self":1638.4833535999999,"total":1639.205913,"children":{"AgentInfo.ToProto":{"count":65025,"self":0.3755099,"total":0.7225908,"children":{"GenerateSensorData":{"count":65025,"self":0.34708089999999997,"total":0.34708089999999997,"children":null}}}}}},"gauges":{"Goober.CumulativeReward":{"count":65025,"max":12.6,"min":-15.6000233,"runningAverage":4.406724,"value":6,"weightedAverage":4.42925739}},"metadata":{"timer_format_version":"0.1.0","start_time_seconds":"1615501767","unity_version":"2020.2.2f1","command_line_arguments":"C:\\Program Files\\Unity\\Hub\\Editor\\2020.2.2f1\\Editor\\Unity.exe -projectpath E:\/Repos\/School\/496_RunMan -useHub -hubIPC -cloudEnvironment production -hubSessionId a94fcc50-82b6-11eb-b8da-cfe4720ef96e -accessToken C6A0iv3L8kPJsS5KKe4sSRIEziCdW-cQQ-uDPb6iPoA003f","communication_protocol_version":"1.0.0","com.unity.ml-agents_version":"1.0.6","scene_name":"TrainingScene_02","end_time_seconds":"1615508483"}}