Steps,Policy/Entropy,Environment/Episode Length,Policy/Extrinsic Value Estimate,Environment/Cumulative Reward,Policy/Extrinsic Reward,Is Training
10000,1.4189383,99.0,-0.73698634,143.24444645101374,143.24444645101374,1.0
20000,1.4189384,99.0,-0.40151584,77.03199992775917,77.03199992775917,1.0
