Steps,Policy/Entropy,Environment/Episode Length,Policy/Extrinsic Value Estimate,Environment/Cumulative Reward,Policy/Extrinsic Reward,Is Training
180000,1.4473807,99.0,0.801034,0.6767676695428714,0.6767676695428714,1.0
190000,1.4473807,99.0,0.7475189,0.6939999997615814,0.6939999997615814,1.0
200000,1.447424,99.0,0.79596084,0.7099999845027923,0.7099999845027923,1.0
