{
    "name": "root",
    "metadata": {
        "timer_format_version": "0.1.0",
        "start_time_seconds": "1615397149",
        "python_version": "3.7.7 (default, May  6 2020, 11:45:54) [MSC v.1916 64 bit (AMD64)]",
        "command_line_arguments": "C:\\Users\\Bryan\\anaconda3\\envs\\ml-agent-4.0\\Scripts\\mlagents-learn ./trainer_config.yaml --run-id simpleAgent_09",
        "mlagents_version": "0.18.0",
        "mlagents_envs_version": "0.18.0",
        "communication_protocol_version": "1.0.0",
        "tensorflow_version": "2.2.0",
        "end_time_seconds": "1615401479"
    },
    "total": 4330.1310476,
    "count": 1,
    "self": 5.2837031999997635,
    "children": {
        "run_training.setup": {
            "total": 0.005228699999999975,
            "count": 1,
            "self": 0.005228699999999975
        },
        "TrainerController.start_learning": {
            "total": 4324.8421157,
            "count": 1,
            "self": 50.46717649999937,
            "children": {
                "TrainerController._reset_env": {
                    "total": 3.8077467999999994,
                    "count": 1,
                    "self": 3.8077467999999994
                },
                "TrainerController.advance": {
                    "total": 4269.0523662000005,
                    "count": 74454,
                    "self": 1.0092064999917056,
                    "children": {
                        "env_step": {
                            "total": 4268.043159700009,
                            "count": 74454,
                            "self": 4188.825091600084,
                            "children": {
                                "SubprocessEnvManager._take_step": {
                                    "total": 78.30939100003347,
                                    "count": 74454,
                                    "self": 4.711338400093268,
                                    "children": {
                                        "NNPolicy.evaluate": {
                                            "total": 73.5980525999402,
                                            "count": 74454,
                                            "self": 73.5980525999402
                                        }
                                    }
                                },
                                "workers": {
                                    "total": 0.9086770998906957,
                                    "count": 74453,
                                    "self": 0.0,
                                    "children": {
                                        "worker_root": {
                                            "total": 4220.327856300026,
                                            "count": 74453,
                                            "is_parallel": true,
                                            "self": 1045.622892600015,
                                            "children": {
                                                "steps_from_proto": {
                                                    "total": 0.001038699999999615,
                                                    "count": 1,
                                                    "is_parallel": true,
                                                    "self": 0.00035330000000000084,
                                                    "children": {
                                                        "_process_vector_observation": {
                                                            "total": 0.0006853999999996141,
                                                            "count": 2,
                                                            "is_parallel": true,
                                                            "self": 0.0006853999999996141
                                                        }
                                                    }
                                                },
                                                "UnityEnvironment.step": {
                                                    "total": 3174.7039250000107,
                                                    "count": 74453,
                                                    "is_parallel": true,
                                                    "self": 17.742753600072774,
                                                    "children": {
                                                        "UnityEnvironment._generate_step_input": {
                                                            "total": 34.25292839996716,
                                                            "count": 74453,
                                                            "is_parallel": true,
                                                            "self": 34.25292839996716
                                                        },
                                                        "communicator.exchange": {
                                                            "total": 3054.9930918999626,
                                                            "count": 74453,
                                                            "is_parallel": true,
                                                            "self": 3054.9930918999626
                                                        },
                                                        "steps_from_proto": {
                                                            "total": 67.71515110000828,
                                                            "count": 74453,
                                                            "is_parallel": true,
                                                            "self": 17.94905120011591,
                                                            "children": {
                                                                "_process_vector_observation": {
                                                                    "total": 49.766099899892374,
                                                                    "count": 148906,
                                                                    "is_parallel": true,
                                                                    "self": 49.766099899892374
                                                                }
                                                            }
                                                        }
                                                    }
                                                }
                                            }
                                        }
                                    }
                                }
                            }
                        }
                    }
                },
                "TrainerController._save_model": {
                    "total": 1.5148262000002433,
                    "count": 1,
                    "self": 0.3137464999999793,
                    "children": {
                        "Trainer.save_model": {
                            "total": 1.201079700000264,
                            "count": 1,
                            "self": 1.201079700000264
                        }
                    }
                }
            }
        }
    }
}