{
    "name": "root",
    "gauges": {
        "Goober.Policy.Entropy.mean": {
            "value": 1.0302799940109253,
            "min": 1.0302799940109253,
            "max": 1.4192826747894287,
            "count": 796
        },
        "Goober.Environment.EpisodeLength.mean": {
            "value": 99.0,
            "min": 99.0,
            "max": 99.0,
            "count": 802
        },
        "Goober.Policy.ExtrinsicValueEstimate.mean": {
            "value": 0.4256317913532257,
            "min": -0.30739468336105347,
            "max": 0.4932926893234253,
            "count": 802
        },
        "Goober.Environment.CumulativeReward.mean": {
            "value": 0.6109999907016754,
            "min": -1.080000017285347,
            "max": 0.7149999916553498,
            "count": 802
        },
        "Goober.Policy.ExtrinsicReward.mean": {
            "value": 0.6109999907016754,
            "min": -1.080000017285347,
            "max": 0.7149999916553498,
            "count": 802
        },
        "Goober.IsTraining.mean": {
            "value": 1.0,
            "min": 1.0,
            "max": 1.0,
            "count": 802
        },
        "Goober.Losses.ValueLoss.mean": {
            "value": 0.04838893190026283,
            "min": 0.03221694007515907,
            "max": 0.5012352466583252,
            "count": 364
        },
        "Goober.Losses.PolicyLoss.mean": {
            "value": 0.015788976103067398,
            "min": 0.01051169540733099,
            "max": 0.024312801659107208,
            "count": 364
        },
        "Goober.Policy.LearningRate.mean": {
            "value": 0.00021994007693137974,
            "min": 0.00021994007693137974,
            "max": 0.0002997799892909825,
            "count": 364
        },
        "Goober.Policy.Epsilon.mean": {
            "value": 0.17331330478191376,
            "min": 0.17331330478191376,
            "max": 0.1999267041683197,
            "count": 364
        },
        "Goober.Policy.Beta.mean": {
            "value": 0.0036683357320725918,
            "min": 0.0036683357320725918,
            "max": 0.0049963416531682014,
            "count": 364
        }
    },
    "metadata": {
        "timer_format_version": "0.1.0",
        "start_time_seconds": "1615775702",
        "python_version": "3.7.7 (default, May  6 2020, 11:45:54) [MSC v.1916 64 bit (AMD64)]",
        "command_line_arguments": "C:\\Users\\Bryan\\anaconda3\\envs\\ml-agent-4.0\\Scripts\\mlagents-learn ./trainer_config.yaml --run-id 3142020_7",
        "mlagents_version": "0.18.0",
        "mlagents_envs_version": "0.18.0",
        "communication_protocol_version": "1.0.0",
        "tensorflow_version": "2.2.0",
        "end_time_seconds": "1615780588"
    },
    "total": 4886.5026856,
    "count": 1,
    "self": 0.006049400000847527,
    "children": {
        "run_training.setup": {
            "total": 0.005353500000000011,
            "count": 1,
            "self": 0.005353500000000011
        },
        "TrainerController.start_learning": {
            "total": 4886.4912827,
            "count": 1,
            "self": 39.49860819996047,
            "children": {
                "TrainerController._reset_env": {
                    "total": 6.507007700000001,
                    "count": 1,
                    "self": 6.507007700000001
                },
                "TrainerController.advance": {
                    "total": 4840.11724650004,
                    "count": 40187,
                    "self": 0.8332252999989578,
                    "children": {
                        "env_step": {
                            "total": 4839.284021200041,
                            "count": 40187,
                            "self": 4770.360939600109,
                            "children": {
                                "SubprocessEnvManager._take_step": {
                                    "total": 68.32412530000067,
                                    "count": 40187,
                                    "self": 7.141970600013934,
                                    "children": {
                                        "NNPolicy.evaluate": {
                                            "total": 61.18215469998674,
                                            "count": 40187,
                                            "self": 61.18215469998674
                                        }
                                    }
                                },
                                "workers": {
                                    "total": 0.5989562999310696,
                                    "count": 40186,
                                    "self": 0.0,
                                    "children": {
                                        "worker_root": {
                                            "total": 4877.828278099962,
                                            "count": 40186,
                                            "is_parallel": true,
                                            "self": 1911.422659999937,
                                            "children": {
                                                "steps_from_proto": {
                                                    "total": 0.006628300000000031,
                                                    "count": 1,
                                                    "is_parallel": true,
                                                    "self": 0.000438400000000172,
                                                    "children": {
                                                        "_process_vector_observation": {
                                                            "total": 0.006189899999999859,
                                                            "count": 4,
                                                            "is_parallel": true,
                                                            "self": 0.006189899999999859
                                                        }
                                                    }
                                                },
                                                "UnityEnvironment.step": {
                                                    "total": 2966.3989898000245,
                                                    "count": 40186,
                                                    "is_parallel": true,
                                                    "self": 70.14605470002925,
                                                    "children": {
                                                        "UnityEnvironment._generate_step_input": {
                                                            "total": 69.80446800002065,
                                                            "count": 40186,
                                                            "is_parallel": true,
                                                            "self": 69.80446800002065
                                                        },
                                                        "communicator.exchange": {
                                                            "total": 2518.4920782999507,
                                                            "count": 40186,
                                                            "is_parallel": true,
                                                            "self": 2518.4920782999507
                                                        },
                                                        "steps_from_proto": {
                                                            "total": 307.95638880002383,
                                                            "count": 40186,
                                                            "is_parallel": true,
                                                            "self": 17.335282299951416,