{
    "name": "root",
    "gauges": {
        "Goober.Policy.Entropy.mean": {
            "value": 1.4167574644088745,
            "min": 1.4167574644088745,
            "max": 1.4189382791519165,
            "count": 13
        },
        "Goober.Environment.EpisodeLength.mean": {
            "value": 99.0,
            "min": 99.0,
            "max": 99.0,
            "count": 13
        },
        "Goober.Policy.ExtrinsicValueEstimate.mean": {
            "value": -1.1000781059265137,
            "min": -1.1000781059265137,
            "max": -0.5749661326408386,
            "count": 13
        },
        "Goober.Environment.CumulativeReward.mean": {
            "value": -3.985,
            "min": -3.985,
            "max": -0.315,
            "count": 13
        },
        "Goober.Policy.ExtrinsicReward.mean": {
            "value": -3.985,
            "min": -3.985,
            "max": -0.315,
            "count": 13
        },
        "Goober.IsTraining.mean": {
            "value": 1.0,
            "min": 1.0,
            "max": 1.0,
            "count": 13
        },
        "Goober.Losses.ValueLoss.mean": {
            "value": 8.214228630065918,
            "min": 4.374635696411133,
            "max": 10.060579299926758,
            "count": 6
        },
        "Goober.Losses.PolicyLoss.mean": {
            "value": 0.01970290020108223,
            "min": 0.012526809237897396,
            "max": 0.024030257016420364,
            "count": 6
        },
        "Goober.Policy.LearningRate.mean": {
            "value": 0.00029871996957808733,
            "min": 0.00029871996957808733,
            "max": 0.0002997900010086596,
            "count": 6
        },
        "Goober.Policy.Epsilon.mean": {
            "value": 0.1995733678340912,
            "min": 0.1995733678340912,
            "max": 0.19993004202842712,
            "count": 6
        },
        "Goober.Policy.Beta.mean": {
            "value": 0.0049787103198468685,
            "min": 0.0049787103198468685,
            "max": 0.004996507428586483,
            "count": 6
        }
    },
    "metadata": {
        "timer_format_version": "0.1.0",
        "start_time_seconds": "1615403235",
        "python_version": "3.7.7 (default, May  6 2020, 11:45:54) [MSC v.1916 64 bit (AMD64)]",
        "command_line_arguments": "C:\\Users\\Bryan\\anaconda3\\envs\\ml-agent-4.0\\Scripts\\mlagents-learn ./trainer_config.yaml --run-id simpleAgent_10",
        "mlagents_version": "0.18.0",
        "mlagents_envs_version": "0.18.0",
        "communication_protocol_version": "1.0.0",
        "tensorflow_version": "2.2.0",
        "end_time_seconds": "1615403327"
    },
    "total": 92.0946213,
    "count": 1,
    "self": 0.011019099999998616,
    "children": {
        "run_training.setup": {
            "total": 0.015803699999999754,
            "count": 1,
            "self": 0.015803699999999754
        },
        "TrainerController.start_learning": {
            "total": 92.0677985,
            "count": 1,
            "self": 1.6743672000002192,
            "children": {
                "TrainerController._reset_env": {
                    "total": 6.1200631,
                    "count": 1,
                    "self": 6.1200631
                },
                "TrainerController.advance": {
                    "total": 83.88994219999978,
                    "count": 937,
                    "self": 0.013767499999772781,
                    "children": {
                        "env_step": {
                            "total": 83.8761747,
                            "count": 937,
                            "self": 82.94456510000006,
                            "children": {
                                "SubprocessEnvManager._take_step": {
                                    "total": 0.9202380000001451,
                                    "count": 937,
                                    "self": 0.09847270000029162,
                                    "children": {
                                        "NNPolicy.evaluate": {
                                            "total": 0.8217652999998535,
                                            "count": 937,
                                            "self": 0.8217652999998535
                                        }
                                    }
                                },
                                "workers": {
                                    "total": 0.011371599999794313,
                                    "count": 936,
                                    "self": 0.0,
                                    "children": {
                                        "worker_root": {
                                            "total": 85.27438410000008,
                                            "count": 936,
                                            "is_parallel": true,
                                            "self": 25.9159481,
                                            "children": {
                                                "steps_from_proto": {
                                                    "total": 0.002966499999999428,
                                                    "count": 1,
                                                    "is_parallel": true,
                                                    "self": 0.00021799999999849717,
                                                    "children": {
                                                        "_process_vector_observation": {
                                                            "total": 0.0027485000000009308,
                                                            "count": 2,
                                                            "is_parallel": true,
                                                            "self": 0.0027485000000009308
                                                        }
                                                    }
                                                },
                                                "UnityEnvironment.step": {
                                                    "total": 59.355469500000076,
                                                    "count": 936,
                                                    "is_parallel": true,
                                                    "self": 0.44074119999984873,
                                                    "children": {
                                                        "UnityEnvironment._generate_step_input": {
                                                            "total": 0.8205776000000933,
                                                            "count": 936,
                                                            "is_parallel": true,
                                                            "self": 0.8205776000000933
                                                        },
                                                        "communicator.exchange": {
                                                            "total": 56.49986529999997,
                                                            "count": 936,
                                                            "is_parallel": true,
                                                            "self": 56.49986529999997
                                                        },
                                                        "steps_from_proto": {
                                                            "total": 1.5942854000001674,
                                                            "count": 936,
                                                            "is_parallel": true,
                                                            "self": 0.20255900000019622,