{
    "name": "root",
    "gauges": {
        "Goober.Policy.Entropy.mean": {
            "value": 1.3428399562835693,
            "min": 1.3428399562835693,
            "max": 1.418938398361206,
            "count": 164
        },
        "Goober.Environment.EpisodeLength.mean": {
            "value": 99.0,
            "min": 99.0,
            "max": 99.0,
            "count": 166
        },
        "Goober.Policy.ExtrinsicValueEstimate.mean": {
            "value": 0.10244859009981155,
            "min": -4.330451488494873,
            "max": 1.5551116466522217,
            "count": 166
        },
        "Goober.Environment.CumulativeReward.mean": {
            "value": -0.2250000023841858,
            "min": -23.16,
            "max": 0.4999999976158142,
            "count": 166
        },
        "Goober.Policy.ExtrinsicReward.mean": {
            "value": -0.2250000023841858,
            "min": -23.16,
            "max": 0.4999999976158142,
            "count": 166
        },
        "Goober.IsTraining.mean": {
            "value": 1.0,
            "min": 1.0,
            "max": 1.0,
            "count": 166
        },
        "Goober.Losses.ValueLoss.mean": {
            "value": 0.03449268639087677,
            "min": 0.03449268639087677,
            "max": 61.7628288269043,
            "count": 75
        },
        "Goober.Losses.PolicyLoss.mean": {
            "value": 0.014565929770469666,
            "min": 0.012128698639571667,
            "max": 0.02434615045785904,
            "count": 75
        },
        "Goober.Policy.LearningRate.mean": {
            "value": 0.00028350003412924707,
            "min": 0.00028350003412924707,
            "max": 0.0002997799892909825,
            "count": 75
        },
        "Goober.Policy.Epsilon.mean": {
            "value": 0.19449999928474426,
            "min": 0.19449999928474426,
            "max": 0.1999267041683197,
            "count": 75
        },
        "Goober.Policy.Beta.mean": {
            "value": 0.004725549835711718,
            "min": 0.004725549835711718,
            "max": 0.0049963416531682014,
            "count": 75
        }
    },
    "metadata": {
        "timer_format_version": "0.1.0",
        "start_time_seconds": "1614695711",
        "python_version": "3.7.7 (default, May  6 2020, 11:45:54) [MSC v.1916 64 bit (AMD64)]",
        "command_line_arguments": "C:\\Users\\Bryan\\anaconda3\\envs\\ml-agent-4.0\\Scripts\\mlagents-learn ./trainer_config.yaml --run-id adversary_07",
        "mlagents_version": "0.18.0",
        "mlagents_envs_version": "0.18.0",
        "communication_protocol_version": "1.0.0",
        "tensorflow_version": "2.2.0",
        "end_time_seconds": "1614696578"
    },
    "total": 866.6884445000001,
    "count": 1,
    "self": 0.00405030000001716,
    "children": {
        "run_training.setup": {
            "total": 0.010244699999999884,
            "count": 1,
            "self": 0.010244699999999884
        },
        "TrainerController.start_learning": {
            "total": 866.6741495,
            "count": 1,
            "self": 6.398937299996078,
            "children": {
                "TrainerController._reset_env": {
                    "total": 5.777784199999999,
                    "count": 1,
                    "self": 5.777784199999999
                },
                "TrainerController.advance": {
                    "total": 854.1836945000039,
                    "count": 8317,
                    "self": 0.13244710000469695,
                    "children": {
                        "env_step": {
                            "total": 854.0512473999992,
                            "count": 8317,
                            "self": 843.6471996000082,
                            "children": {
                                "SubprocessEnvManager._take_step": {
                                    "total": 10.296897099996187,
                                    "count": 8317,
                                    "self": 1.0996867999950624,
                                    "children": {
                                        "NNPolicy.evaluate": {
                                            "total": 9.197210300001124,
                                            "count": 8317,
                                            "self": 9.197210300001124
                                        }
                                    }
                                },
                                "workers": {
                                    "total": 0.10715069999471893,
                                    "count": 8316,
                                    "self": 0.0,
                                    "children": {
                                        "worker_root": {
                                            "total": 860.1508940999986,
                                            "count": 8316,
                                            "is_parallel": true,
                                            "self": 307.9586106999966,
                                            "children": {
                                                "steps_from_proto": {
                                                    "total": 0.0025701000000006857,
                                                    "count": 1,
                                                    "is_parallel": true,
                                                    "self": 0.0003007999999997679,
                                                    "children": {
                                                        "_process_vector_observation": {
                                                            "total": 0.002269300000000918,
                                                            "count": 2,
                                                            "is_parallel": true,
                                                            "self": 0.002269300000000918
                                                        }
                                                    }
                                                },
                                                "UnityEnvironment.step": {
                                                    "total": 552.189713300002,
                                                    "count": 8316,
                                                    "is_parallel": true,
                                                    "self": 6.23725820001016,
                                                    "children": {
                                                        "UnityEnvironment._generate_step_input": {
                                                            "total": 10.443640799995737,
                                                            "count": 8316,
                                                            "is_parallel": true,
                                                            "self": 10.443640799995737
                                                        },
                                                        "communicator.exchange": {
                                                            "total": 512.5936030999986,
                                                            "count": 8316,
                                                            "is_parallel": true,
                                                            "self": 512.5936030999986
                                                        },
                                                        "steps_from_proto": {
                                                            "total": 22.915211199997547,
                                                            "count": 8316,
                                                            "is_parallel": true,
                                                            "self": 2.36719160000224,