{
    "name": "root",
    "gauges": {
        "Goober.Policy.Entropy.mean": {
            "value": 1.4187623262405396,
            "min": 1.4187546968460083,
            "max": 1.4189382791519165,
            "count": 4
        },
        "Goober.Environment.EpisodeLength.mean": {
            "value": 99.0,
            "min": 99.0,
            "max": 99.0,
            "count": 4
        },
        "Goober.Policy.ExtrinsicValueEstimate.mean": {
            "value": -0.3379181921482086,
            "min": -0.3388422131538391,
            "max": -0.3059004843235016,
            "count": 4
        },
        "Goober.Environment.CumulativeReward.mean": {
            "value": -0.6270000010728836,
            "min": -0.6270000010728836,
            "max": -0.29100000381469726,
            "count": 4
        },
        "Goober.Policy.ExtrinsicReward.mean": {
            "value": -0.6270000010728836,
            "min": -0.6270000010728836,
            "max": -0.29100000381469726,
            "count": 4
        },
        "Goober.IsTraining.mean": {
            "value": 1.0,
            "min": 1.0,
            "max": 1.0,
            "count": 4
        },
        "Goober.Losses.ValueLoss.mean": {
            "value": 0.318119615316391,
            "min": 0.318119615316391,
            "max": 0.318119615316391,
            "count": 1
        },
        "Goober.Losses.PolicyLoss.mean": {
            "value": 0.01364667434245348,
            "min": 0.01364667434245348,
            "max": 0.01364667434245348,
            "count": 1
        },
        "Goober.Policy.LearningRate.mean": {
            "value": 0.0002997799892909825,
            "min": 0.0002997799892909825,
            "max": 0.0002997799892909825,
            "count": 1
        },
        "Goober.Policy.Epsilon.mean": {
            "value": 0.1999267041683197,
            "min": 0.1999267041683197,
            "max": 0.1999267041683197,
            "count": 1
        },
        "Goober.Policy.Beta.mean": {
            "value": 0.0049963416531682014,
            "min": 0.0049963416531682014,
            "max": 0.0049963416531682014,
            "count": 1
        }
    },
    "metadata": {
        "timer_format_version": "0.1.0",
        "start_time_seconds": "1615829970",
        "python_version": "3.7.7 (default, May  6 2020, 11:45:54) [MSC v.1916 64 bit (AMD64)]",
        "command_line_arguments": "C:\\Users\\Bryan\\anaconda3\\envs\\ml-agent-4.0\\Scripts\\mlagents-learn ./trainer_config.yaml --run-id 3152020_01",
        "mlagents_version": "0.18.0",
        "mlagents_envs_version": "0.18.0",
        "communication_protocol_version": "1.0.0",
        "tensorflow_version": "2.2.0",
        "end_time_seconds": "1615830000"
    },
    "total": 30.3813133,
    "count": 1,
    "self": 0.0034631999999952257,
    "children": {
        "run_training.setup": {
            "total": 0.004937900000000051,
            "count": 1,
            "self": 0.004937900000000051
        },
        "TrainerController.start_learning": {
            "total": 30.372912200000002,
            "count": 1,
            "self": 1.9157734999999256,
            "children": {
                "TrainerController._reset_env": {
                    "total": 5.6023602,
                    "count": 1,
                    "self": 5.6023602
                },
                "TrainerController.advance": {
                    "total": 22.404537400000073,
                    "count": 731,
                    "self": 0.009258900000133963,
                    "children": {
                        "env_step": {
                            "total": 22.39527849999994,
                            "count": 731,
                            "self": 21.607098399999973,
                            "children": {
                                "SubprocessEnvManager._take_step": {
                                    "total": 0.7800765999999602,
                                    "count": 731,
                                    "self": 0.038280600000021536,
                                    "children": {
                                        "NNPolicy.evaluate": {
                                            "total": 0.7417959999999386,
                                            "count": 731,
                                            "self": 0.7417959999999386
                                        }
                                    }
                                },
                                "workers": {
                                    "total": 0.008103500000006036,
                                    "count": 730,
                                    "self": 0.0,
                                    "children": {
                                        "worker_root": {
                                            "total": 24.11602839999995,
                                            "count": 730,
                                            "is_parallel": true,
                                            "self": 6.691553699999954,
                                            "children": {
                                                "steps_from_proto": {
                                                    "total": 0.0017996000000000123,
                                                    "count": 1,
                                                    "is_parallel": true,
                                                    "self": 0.0002406999999999826,
                                                    "children": {
                                                        "_process_vector_observation": {
                                                            "total": 0.0015589000000000297,
                                                            "count": 4,
                                                            "is_parallel": true,
                                                            "self": 0.0015589000000000297
                                                        }
                                                    }
                                                },
                                                "UnityEnvironment.step": {
                                                    "total": 17.4226751,
                                                    "count": 730,
                                                    "is_parallel": true,
                                                    "self": 0.28025960000002215,
                                                    "children": {
                                                        "UnityEnvironment._generate_step_input": {
                                                            "total": 0.26321830000000723,
                                                            "count": 730,
                                                            "is_parallel": true,
                                                            "self": 0.26321830000000723
                                                        },
                                                        "communicator.exchange": {
                                                            "total": 15.681010800000003,
                                                            "count": 730,
                                                            "is_parallel": true,
                                                            "self": 15.681010800000003
                                                        },
                                                        "steps_from_proto": {
                                                            "total": 1.1981863999999662,
                                                            "count": 730,
                                                            "is_parallel": true,
                                                            "self": 0.08981249999993945,