{
    "name": "root",
    "metadata": {
        "timer_format_version": "0.1.0",
        "start_time_seconds": "1614647531",
        "python_version": "3.7.7 (default, May  6 2020, 11:45:54) [MSC v.1916 64 bit (AMD64)]",
        "command_line_arguments": "C:\\Users\\Bryan\\anaconda3\\envs\\ml-agent-4.0\\Scripts\\mlagents-learn ./trainer_config.yaml --run-id adversary_00",
        "mlagents_version": "0.18.0",
        "mlagents_envs_version": "0.18.0",
        "communication_protocol_version": "1.0.0",
        "tensorflow_version": "2.2.0",
        "end_time_seconds": "1614647599"
    },
    "total": 68.01260160000001,
    "count": 1,
    "self": 0.006939700000017979,
    "children": {
        "run_training.setup": {
            "total": 0.005829800000000107,
            "count": 1,
            "self": 0.005829800000000107
        },
        "TrainerController.start_learning": {
            "total": 67.99983209999999,
            "count": 1,
            "self": 1.246162699999985,
            "children": {
                "TrainerController._reset_env": {
                    "total": 4.899947399999999,
                    "count": 1,
                    "self": 4.899947399999999
                },
                "TrainerController.advance": {
                    "total": 61.192714800000005,
                    "count": 21,
                    "self": 0.000342300000006901,
                    "children": {
                        "env_step": {
                            "total": 61.1923725,
                            "count": 21,
                            "self": 61.1374531,
                            "children": {
                                "SubprocessEnvManager._take_step": {
                                    "total": 0.05472430000000017,
                                    "count": 21,
                                    "self": 0.0020751999999948367,
                                    "children": {
                                        "NNPolicy.evaluate": {
                                            "total": 0.05264910000000533,
                                            "count": 21,
                                            "self": 0.05264910000000533
                                        }
                                    }
                                },
                                "workers": {
                                    "total": 0.00019509999999822725,
                                    "count": 20,
                                    "self": 0.0,
                                    "children": {
                                        "worker_root": {
                                            "total": 2.117807700000001,
                                            "count": 20,
                                            "is_parallel": true,
                                            "self": 1.0396767000000011,
                                            "children": {
                                                "steps_from_proto": {
                                                    "total": 0.0019284999999999997,
                                                    "count": 1,
                                                    "is_parallel": true,
                                                    "self": 0.00025340000000007024,
                                                    "children": {
                                                        "_process_vector_observation": {
                                                            "total": 0.0016750999999999294,
                                                            "count": 2,
                                                            "is_parallel": true,
                                                            "self": 0.0016750999999999294
                                                        }
                                                    }
                                                },
                                                "UnityEnvironment.step": {
                                                    "total": 1.0762025,
                                                    "count": 20,
                                                    "is_parallel": true,
                                                    "self": 0.012029100000000348,
                                                    "children": {
                                                        "UnityEnvironment._generate_step_input": {
                                                            "total": 0.020842500000002318,
                                                            "count": 20,
                                                            "is_parallel": true,
                                                            "self": 0.020842500000002318
                                                        },
                                                        "communicator.exchange": {
                                                            "total": 0.9931556000000015,
                                                            "count": 20,
                                                            "is_parallel": true,
                                                            "self": 0.9931556000000015
                                                        },
                                                        "steps_from_proto": {
                                                            "total": 0.050175299999995815,
                                                            "count": 20,
                                                            "is_parallel": true,
                                                            "self": 0.004894499999998914,
                                                            "children": {
                                                                "_process_vector_observation": {
                                                                    "total": 0.0452807999999969,
                                                                    "count": 40,
                                                                    "is_parallel": true,
                                                                    "self": 0.0452807999999969
                                                                }
                                                            }
                                                        }
                                                    }
                                                }
                                            }
                                        }
                                    }
                                }
                            }
                        }
                    }
                },
                "TrainerController._save_model": {
                    "total": 0.6610072000000002,
                    "count": 1,
                    "self": 0.0004028999999974303,
                    "children": {
                        "Trainer.save_model": {
                            "total": 0.6606043000000028,
                            "count": 1,
                            "self": 0.6606043000000028
                        }
                    }
                }
            }
        }
    }
}