{
    "name": "root",
    "gauges": {
        "Goober.Policy.Entropy.mean": {
            "value": 1.419387936592102,
            "min": 1.4189382791519165,
            "max": 1.419387936592102,
            "count": 5
        },
        "Goober.Environment.EpisodeLength.mean": {
            "value": 99.0,
            "min": 99.0,
            "max": 99.0,
            "count": 6
        },
        "Goober.Policy.ExtrinsicValueEstimate.mean": {
            "value": -0.4036256670951843,
            "min": -0.4036256670951843,
            "max": -0.30238524079322815,
            "count": 6
        },
        "Goober.Environment.CumulativeReward.mean": {
            "value": -0.7210000270605087,
            "min": -1.0059999892115592,
            "max": -0.2520000076293945,
            "count": 6
        },
        "Goober.Policy.ExtrinsicReward.mean": {
            "value": -0.7210000270605087,
            "min": -1.0059999892115592,
            "max": -0.2520000076293945,
            "count": 6
        },
        "Goober.IsTraining.mean": {
            "value": 1.0,
            "min": 1.0,
            "max": 1.0,
            "count": 6
        },
        "Goober.Losses.ValueLoss.mean": {
            "value": 0.5118048191070557,
            "min": 0.43701091408729553,
            "max": 0.5118048191070557,
            "count": 2
        },
        "Goober.Losses.PolicyLoss.mean": {
            "value": 0.015077370218932629,
            "min": 0.013460381887853146,
            "max": 0.015077370218932629,
            "count": 2
        },
        "Goober.Policy.LearningRate.mean": {
            "value": 0.0002995599643327296,
            "min": 0.0002995599643327296,
            "max": 0.0002997799892909825,
            "count": 2
        },
        "Goober.Policy.Epsilon.mean": {
            "value": 0.19985336065292358,
            "min": 0.19985336065292358,
            "max": 0.1999267041683197,
            "count": 2
        },
        "Goober.Policy.Beta.mean": {
            "value": 0.004992680624127388,
            "min": 0.004992680624127388,
            "max": 0.0049963416531682014,
            "count": 2
        }
    },
    "metadata": {
        "timer_format_version": "0.1.0",
        "start_time_seconds": "1615775485",
        "python_version": "3.7.7 (default, May  6 2020, 11:45:54) [MSC v.1916 64 bit (AMD64)]",
        "command_line_arguments": "C:\\Users\\Bryan\\anaconda3\\envs\\ml-agent-4.0\\Scripts\\mlagents-learn ./trainer_config.yaml --run-id 3142020_5",
        "mlagents_version": "0.18.0",
        "mlagents_envs_version": "0.18.0",
        "communication_protocol_version": "1.0.0",
        "tensorflow_version": "2.2.0",
        "end_time_seconds": "1615775530"
    },
    "total": 45.3695536,
    "count": 1,
    "self": 0.003246199999999533,
    "children": {
        "run_training.setup": {
            "total": 0.005466399999999982,
            "count": 1,
            "self": 0.005466399999999982
        },
        "TrainerController.start_learning": {
            "total": 45.360841,
            "count": 1,
            "self": 1.9743695999999744,
            "children": {
                "TrainerController._reset_env": {
                    "total": 11.2290611,
                    "count": 1,
                    "self": 11.2290611
                },
                "TrainerController.advance": {
                    "total": 31.753243800000018,
                    "count": 301,
                    "self": 0.004980100000107512,
                    "children": {
                        "env_step": {
                            "total": 31.74826369999991,
                            "count": 301,
                            "self": 31.360815299999967,
                            "children": {
                                "SubprocessEnvManager._take_step": {
                                    "total": 0.38405099999995507,
                                    "count": 301,
                                    "self": 0.04427599999997334,
                                    "children": {
                                        "NNPolicy.evaluate": {
                                            "total": 0.33977499999998173,
                                            "count": 301,
                                            "self": 0.33977499999998173
                                        }
                                    }
                                },
                                "workers": {
                                    "total": 0.0033973999999883375,
                                    "count": 300,
                                    "self": 0.0,
                                    "children": {
                                        "worker_root": {
                                            "total": 29.663543399999988,
                                            "count": 300,
                                            "is_parallel": true,
                                            "self": 7.964042899999939,
                                            "children": {
                                                "steps_from_proto": {
                                                    "total": 0.004906800000000544,
                                                    "count": 1,
                                                    "is_parallel": true,
                                                    "self": 0.00035089999999904364,
                                                    "children": {
                                                        "_process_vector_observation": {
                                                            "total": 0.0045559000000015,
                                                            "count": 4,
                                                            "is_parallel": true,
                                                            "self": 0.0045559000000015
                                                        }
                                                    }
                                                },
                                                "UnityEnvironment.step": {
                                                    "total": 21.69459370000005,
                                                    "count": 300,
                                                    "is_parallel": true,
                                                    "self": 0.43609700000003215,
                                                    "children": {
                                                        "UnityEnvironment._generate_step_input": {
                                                            "total": 0.39282759999998085,
                                                            "count": 300,
                                                            "is_parallel": true,
                                                            "self": 0.39282759999998085
                                                        },
                                                        "communicator.exchange": {
                                                            "total": 18.907649599999996,
                                                            "count": 300,
                                                            "is_parallel": true,
                                                            "self": 18.907649599999996
                                                        },
                                                        "steps_from_proto": {
                                                            "total": 1.9580195000000398,
                                                            "count": 300,
                                                            "is_parallel": true,
                                                            "self": 0.10282659999998423,