Steps,Policy/Entropy,Environment/Episode Length,Policy/Extrinsic Value Estimate,Environment/Cumulative Reward,Policy/Extrinsic Reward,Is Training
10000,2.0792768,99.0,-0.023042483,-12.525252525252526,-12.525252525252526,1.0
20000,2.0793054,99.0,-0.025939122,-16.42,-16.42,1.0
30000,2.0748236,99.0,-0.11757324,-12.38,-12.38,1.0
40000,2.0746171,99.0,-0.16074973,-13.545,-13.545,1.0
50000,2.068762,99.0,-0.27541327,-13.215,-13.215,1.0
60000,2.0678618,99.0,-0.30681762,-14.38,-14.38,1.0
