{
    "name": "root",
    "gauges": {
        "Goober.Policy.Entropy.mean": {
            "value": 2.772421360015869,
            "min": 2.772421360015869,
            "max": 2.7724366188049316,
            "count": 2
        },
        "Goober.Environment.EpisodeLength.mean": {
            "value": 99.0,
            "min": 99.0,
            "max": 99.0,
            "count": 2
        },
        "Goober.Policy.ExtrinsicValueEstimate.mean": {
            "value": 0.12108603119850159,
            "min": 0.12108603119850159,
            "max": 0.13860660791397095,
            "count": 2
        },
        "Goober.Environment.CumulativeReward.mean": {
            "value": -17.75,
            "min": -17.75,
            "max": -17.095959595959595,
            "count": 2
        },
        "Goober.Policy.ExtrinsicReward.mean": {
            "value": -17.75,
            "min": -17.75,
            "max": -17.095959595959595,
            "count": 2
        },
        "Goober.IsTraining.mean": {
            "value": 1.0,
            "min": 1.0,
            "max": 1.0,
            "count": 2
        }
    },
    "metadata": {
        "timer_format_version": "0.1.0",
        "start_time_seconds": "1615394901",
        "python_version": "3.7.7 (default, May  6 2020, 11:45:54) [MSC v.1916 64 bit (AMD64)]",
        "command_line_arguments": "C:\\Users\\Bryan\\anaconda3\\envs\\ml-agent-4.0\\Scripts\\mlagents-learn ./trainer_config.yaml --run-id simpleAgent_05",
        "mlagents_version": "0.18.0",
        "mlagents_envs_version": "0.18.0",
        "communication_protocol_version": "1.0.0",
        "tensorflow_version": "2.2.0",
        "end_time_seconds": "1615394927"
    },
    "total": 26.278031499999997,
    "count": 1,
    "self": 0.003856799999997662,
    "children": {
        "run_training.setup": {
            "total": 0.006161300000000036,
            "count": 1,
            "self": 0.006161300000000036
        },
        "TrainerController.start_learning": {
            "total": 26.2680134,
            "count": 1,
            "self": 1.9511205999999568,
            "children": {
                "TrainerController._reset_env": {
                    "total": 5.2647794,
                    "count": 1,
                    "self": 5.2647794
                },
                "TrainerController.advance": {
                    "total": 18.585718600000046,
                    "count": 321,
                    "self": 0.004159200000060537,
                    "children": {
                        "env_step": {
                            "total": 18.581559399999986,
                            "count": 321,
                            "self": 18.147016399999977,
                            "children": {
                                "SubprocessEnvManager._take_step": {
                                    "total": 0.4311360999999643,
                                    "count": 321,
                                    "self": 0.01948659999994362,
                                    "children": {
                                        "NNPolicy.evaluate": {
                                            "total": 0.41164950000002065,
                                            "count": 321,
                                            "self": 0.41164950000002065
                                        }
                                    }
                                },
                                "workers": {
                                    "total": 0.0034069000000442884,
                                    "count": 320,
                                    "self": 0.0,
                                    "children": {
                                        "worker_root": {
                                            "total": 20.20940669999997,
                                            "count": 320,
                                            "is_parallel": true,
                                            "self": 4.626181899999981,
                                            "children": {
                                                "steps_from_proto": {
                                                    "total": 0.0009083999999992542,
                                                    "count": 1,
                                                    "is_parallel": true,
                                                    "self": 0.00027970000000010486,
                                                    "children": {
                                                        "_process_vector_observation": {
                                                            "total": 0.0006286999999991494,
                                                            "count": 2,
                                                            "is_parallel": true,
                                                            "self": 0.0006286999999991494
                                                        }
                                                    }
                                                },
                                                "UnityEnvironment.step": {
                                                    "total": 15.582316399999991,
                                                    "count": 320,
                                                    "is_parallel": true,
                                                    "self": 0.07193640000001089,
                                                    "children": {
                                                        "UnityEnvironment._generate_step_input": {
                                                            "total": 0.14313180000000347,
                                                            "count": 320,
                                                            "is_parallel": true,
                                                            "self": 0.14313180000000347
                                                        },
                                                        "communicator.exchange": {
                                                            "total": 15.092698999999985,
                                                            "count": 320,
                                                            "is_parallel": true,
                                                            "self": 15.092698999999985
                                                        },
                                                        "steps_from_proto": {
                                                            "total": 0.27454919999999294,
                                                            "count": 320,
                                                            "is_parallel": true,
                                                            "self": 0.07317350000002953,
                                                            "children": {
                                                                "_process_vector_observation": {
                                                                    "total": 0.2013756999999634,
                                                                    "count": 640,
                                                                    "is_parallel": true,
                                                                    "self": 0.2013756999999634
                                                                }
                                                            }
                                                        }
                                                    }
                                                }
                                            }
                                        }
                                    }
                                }
                            }
                        }
                    }
                },