{
    "name": "root",
    "gauges": {
        "Goober.Policy.Entropy.mean": {
            "value": 1.1365067958831787,
            "min": 1.136313557624817,
            "max": 1.4240187406539917,
            "count": 2079
        },
        "Goober.Environment.EpisodeLength.mean": {
            "value": 99.0,
            "min": 99.0,
            "max": 99.0,
            "count": 2079
        },
        "Goober.Policy.ExtrinsicValueEstimate.mean": {
            "value": 0.12481198459863663,
            "min": -0.31492066383361816,
            "max": 0.23835112154483795,
            "count": 2079
        },
        "Goober.Environment.CumulativeReward.mean": {
            "value": 0.1449999988079071,
            "min": -0.8060000056028366,
            "max": 0.39,
            "count": 2079
        },
        "Goober.Policy.ExtrinsicReward.mean": {
            "value": 0.1449999988079071,
            "min": -0.8060000056028366,
            "max": 0.39,
            "count": 2079
        },
        "Goober.IsTraining.mean": {
            "value": 1.0,
            "min": 1.0,
            "max": 1.0,
            "count": 2079
        },
        "Goober.Losses.ValueLoss.mean": {
            "value": 0.0984576940536499,
            "min": 0.022280437871813774,
            "max": 0.3241118788719177,
            "count": 978
        },
        "Goober.Losses.PolicyLoss.mean": {
            "value": 0.016428392380475998,
            "min": 0.009791966527700424,
            "max": 0.026380307972431183,
            "count": 978
        },
        "Goober.Policy.LearningRate.mean": {
            "value": 9.217508340952918e-05,
            "min": 9.217508340952918e-05,
            "max": 0.0002997799892909825,
            "count": 978
        },
        "Goober.Policy.Epsilon.mean": {
            "value": 0.1307249814271927,
            "min": 0.1307249814271927,
            "max": 0.1999267041683197,
            "count": 978
        },
        "Goober.Policy.Beta.mean": {
            "value": 0.001543177873827517,
            "min": 0.001543177873827517,
            "max": 0.0049963416531682014,
            "count": 978
        }
    },
    "metadata": {
        "timer_format_version": "0.1.0",
        "start_time_seconds": "1615419004",
        "python_version": "3.7.7 (default, May  6 2020, 11:45:54) [MSC v.1916 64 bit (AMD64)]",
        "command_line_arguments": "C:\\Users\\Bryan\\anaconda3\\envs\\ml-agent-4.0\\Scripts\\mlagents-learn ./trainer_config.yaml --run-id Goober_01",
        "mlagents_version": "0.18.0",
        "mlagents_envs_version": "0.18.0",
        "communication_protocol_version": "1.0.0",
        "tensorflow_version": "2.2.0",
        "end_time_seconds": "1615435900"
    },
    "total": 16895.617716,
    "count": 1,
    "self": 0.0051917000018875115,
    "children": {
        "run_training.setup": {
            "total": 0.08835110000000013,
            "count": 1,
            "self": 0.08835110000000013
        },
        "TrainerController.start_learning": {
            "total": 16895.5241732,
            "count": 1,
            "self": 503.6063878012137,
            "children": {
                "TrainerController._reset_env": {
                    "total": 6.1604201,
                    "count": 1,
                    "self": 6.1604201
                },
                "TrainerController.advance": {
                    "total": 16384.903852398784,
                    "count": 831604,
                    "self": 12.498616099068386,
                    "children": {
                        "env_step": {
                            "total": 16372.405236299715,
                            "count": 831604,
                            "self": 15695.337739500384,
                            "children": {
                                "SubprocessEnvManager._take_step": {
                                    "total": 666.1815069999247,
                                    "count": 831604,
                                    "self": 34.06385940003838,
                                    "children": {
                                        "NNPolicy.evaluate": {
                                            "total": 632.1176475998864,
                                            "count": 831604,
                                            "self": 632.1176475998864
                                        }
                                    }
                                },
                                "workers": {
                                    "total": 10.885989799405728,
                                    "count": 831603,
                                    "self": 0.0,
                                    "children": {
                                        "worker_root": {
                                            "total": 16866.22232509983,
                                            "count": 831603,
                                            "is_parallel": true,
                                            "self": 4485.051371999511,
                                            "children": {
                                                "steps_from_proto": {
                                                    "total": 0.0003807000000000116,
                                                    "count": 1,
                                                    "is_parallel": true,
                                                    "self": 8.949999999963154e-05,
                                                    "children": {
                                                        "_process_vector_observation": {
                                                            "total": 0.00029120000000038004,
                                                            "count": 2,
                                                            "is_parallel": true,
                                                            "self": 0.00029120000000038004
                                                        }
                                                    }
                                                },
                                                "UnityEnvironment.step": {
                                                    "total": 12381.170572400319,
                                                    "count": 831603,
                                                    "is_parallel": true,
                                                    "self": 113.92902130027687,
                                                    "children": {
                                                        "UnityEnvironment._generate_step_input": {
                                                            "total": 171.80880939988282,
                                                            "count": 831603,
                                                            "is_parallel": true,
                                                            "self": 171.80880939988282
                                                        },
                                                        "communicator.exchange": {
                                                            "total": 11761.587948499602,
                                                            "count": 831603,
                                                            "is_parallel": true,
                                                            "self": 11761.587948499602
                                                        },
                                                        "steps_from_proto": {
                                                            "total": 333.84479320055686,
                                                            "count": 831603,
                                                            "is_parallel": true,
                                                            "self": 80.16627290093464,